created_p1,ip_address,time_sec_p1,mc_car_make_1,zip_code,created_p2,time_sec_p2,current_car_purchase,current_car_status,current_car_price,monthlypayment,gas_mileage,weeklyTravel,fuel_type,parking,neighbor_info,household_vehicle,ride_friend__carpool,walk_bicycle_scooter,taxi__uber,public_transit,buying_timing,future_vehicle_type,future_car_condition,future_car_finance,future_car_price,future_downpayment,future_car_category,respondentID,created_p3,time_sec_p3,created_p4,time_sec_p4,run_on_gas,plugged_in,electric_vehicle_Y_N,name_electric_vehicle,max_subsidy,created_p5,time_sec_p5,feedback,yearOfBirth,gender,hispanic,ethnicity,people,employment_status,income,education,housing,own_rent,electric_bill,political_views,party,age,total_time_min
2024-07-03T01:50:17Z,100.19.39.162,31,acura,19103,2024-07-02T20:50:49Z,244.99999999999997,Used car from a dealer,No,"$5,000 - $9999",Paid all cash/ No loan,20 - 30 mpg,once in 2 weeks,Gasoline,Street Parking,I'm not sure,About once a month,Less than once a month or never,About once a week,Less than once a month or never,About once a month,3-5 years into the future,Large SUV,Both,I'm not sure,"$20,000 - $24,999, $25,000 - $29,999, $30,000 - $34,999","$10,000 - $11,000",Probably not,1251,2024-07-02T20:58:20Z,197,2024-07-02T20:54:54Z,206,"1, 2","2, 3",Yes,Tesla - trial run- Zain,4,2024-07-02T21:01:38Z,66,Test Run - Zain,1986,Male,No,"American Indian or Alaskan Native, Asian, Middle Eastern and North African (MENA), Native Hawaiian or Other Pacific Islander",2,"Employed, working 1-39 hours per week.","$60,000 to less than $75,000",Master's degree,Building with 2-4 apartments/condos/studios,2,$0 - $100,4,prefer_not_say,38,12.416666666666666
2024-07-03T05:45:07Z,35.144.38.41,134,chevrolet,87508,2024-07-03T00:47:20Z,233,New,No,"$80,000 - $89,999",$600 - $700,10 - 20 mpg,once in 2 weeks,Gasoline,"Driveway/ Carport, Single-family garage",No,Less than once a month or never,Less than once a month or never,About once a week,Less than once a month or never,Less than once a month or never,3-5 years into the future,Sports Car,Used,Purchase,"$45,000 - $49,999, $50,000 - $59,999","$20,000 or more",Definitely not,2603,2024-07-03T00:51:56Z,195,2024-07-03T00:51:11Z,46,"1, 2","2, 3",Yes,Volt,4,2024-07-03T00:55:10Z,114,Should ask about other vehicles,1949,Male,No,White,1,Retired.,Prefer not to answer,Ph.D. or M.D,Single family house not attached to any other house,1,$300 - $400,3,republican,75,12.033333333333333
2024-07-03T05:49:34Z,73.208.228.64,69,hyundai,60175,2024-07-03T00:50:42Z,2153,New,No,"$35,000 - $39,999",Paid all cash/ No loan,20 - 30 mpg,once in 2 weeks,Gasoline,Single-family garage,I'm not sure,2-3 times a week,Less than once a month or never,Less than once a month or never,Less than once a month or never,Less than once a month or never,1-2 years into the future,Compact SUV,New,I'm not sure,"$35,000 - $39,999",I'm not sure,Definitely not,2993,2024-07-03T01:27:29Z,196,2024-07-03T01:26:35Z,54,"1, 2","1, 2, 3",No,NA,6,2024-07-03T01:30:45Z,112,NA,1947,Male,No,White,2,Retired.,"$100,000 to less than $125,000",Some college - two years or more/A.A. degree,"Single family house attached to one or more houses (townhouse, rowhome, condo, duplex, triplex, etc.)",1,$0 - $100,4,prefer_not_say,77,43.06666666666667
2024-07-03T05:50:40Z,145.224.13.203,109,kia,79605,2024-07-03T00:52:28Z,237,New,No,"$20,000 - $24,999",$200 - $300,20 - 30 mpg,once a week,Gasoline,Driveway/ Carport,I'm not sure,Once a day or more,Less than once a month or never,Less than once a month or never,Less than once a month or never,Less than once a month or never,10+ years into the future,Compact SUV,Used,Purchase,"$5,000 - $9999",I'm not sure,Definitely not,3085,2024-07-03T00:57:36Z,201,2024-07-03T00:56:23Z,74,1,3,Yes,Tesla,6,2024-07-03T01:00:55Z,152,NA,1957,Male,No,White,2,Retired.,"$15,000 to less than $30,000",High school degree or equivalent (e.g. GED),Single family house not attached to any other house,1,$100 - $200,2,republican,67,12.883333333333333
2024-07-03T05:53:14Z,72.196.236.19,64,chevrolet,22152,2024-07-03T00:54:17Z,153,New,No,"$30,000 - $34,999",$300 - $400,20 - 30 mpg,once in 2 weeks,Gasoline,Driveway/ Carport,No,4-5 times a week,2-3 times a week,4-5 times a week,Less than once a month or never,Less than once a month or never,10+ years into the future,Compact SUV,New,Purchase,"$30,000 - $34,999","$9,000 - $10,000",Maybe/ Not sure,2530,2024-07-03T00:57:26Z,182,2024-07-03T00:56:48Z,40,"1, 2","2, 3",Yes,Tesla,6,2024-07-03T01:00:27Z,74,NA,1956,Male,No,White,2,Retired.,"$100,000 to less than $125,000",Some college - two years or more/A.A. degree,Single family house not attached to any other house,1,$0 - $100,3,independent,68,8.55
2024-07-03T06:01:43Z,173.76.95.80,78,chevrolet,02351,2024-07-03T01:03:01Z,178,New,No,"$35,000 - $39,999",$300 - $400,10 - 20 mpg,once a week,Gasoline,Single-family garage,No,Once a day or more,Less than once a month or never,Less than once a month or never,Less than once a month or never,Less than once a month or never,1-2 years into the future,Pick-up truck,Used,Purchase,"$40,000 - $44,999","$20,000 or more",Probably not,2228,2024-07-03T01:06:44Z,178,2024-07-03T01:05:59Z,44,"1, 2","2, 3",Yes,Tesla,6,2024-07-03T01:09:42Z,105,NA,1950,Male,No,White,2,Retired.,"$100,000 to less than $125,000",College graduate/bachelor's degree/B.A./B.S.,Single family house not attached to any other house,1,$100 - $200,3,democratic,74,9.716666666666667
2024-07-03T06:50:00Z,65.99.118.82,56,cadillac,03867,2024-07-03T01:50:56Z,183,New,No,"$60,000 - $69,999",Paid all cash/ No loan,20 - 30 mpg,once a month,Gasoline,Single-family garage,No,Once a day or more,Less than once a month or never,About once a month,Less than once a month or never,Less than once a month or never,3-5 years into the future,Large SUV,New,Purchase,"$60,000 - $69,999",I'm not sure,Definitely not,43,2024-07-03T01:55:09Z,159,2024-07-03T01:53:59Z,69,1,"2, 3",Yes,Tesla,6,2024-07-03T01:57:48Z,230,NA,1957,Male,No,White,2,Retired.,Prefer not to answer,Some college - two years or more/A.A. degree,Single family house not attached to any other house,1,$0 - $100,2,independent,67,11.616666666666667
2024-07-03T08:08:49Z,71.64.24.54,69,honda,43210,2024-07-03T03:09:58Z,219,New,No,"$25,000 - $29,999",Paid all cash/ No loan,20 - 30 mpg,once in 2 weeks,Gasoline,Single-family garage,No,Once a day or more,Less than once a month or never,About once a week,Less than once a month or never,Less than once a month or never,6-9 years into the future,Compact SUV,Both,Purchase,"$25,000 - $29,999",$14000 - $15000,Maybe/ Not sure,1262,2024-07-03T03:15:00Z,319,2024-07-03T03:13:37Z,82,"1, 2","2, 3",Yes,Prius,4,2024-07-03T03:20:19Z,130,NA,1950,Male,No,White,3,Retired.,"$75,000 to less than $100,000",College graduate/bachelor's degree/B.A./B.S.,Single family house not attached to any other house,1,$200 - $300,2,independent,74,13.65
2024-07-03T08:13:03Z,24.181.53.45,60,jeep,29657,2024-07-03T03:14:04Z,154,Used car from a dealer,No,"$35,000 - $39,999",Paid all cash/ No loan,20 - 30 mpg,once in 2 weeks,Gasoline,Single-family garage,No,About once a month,Less than once a month or never,Less than once a month or never,Less than once a month or never,Less than once a month or never,3-5 years into the future,Pick-up truck,Used,Purchase,"$25,000 - $29,999","$9,000 - $10,000",Definitely not,4307,2024-07-03T03:17:32Z,108,2024-07-03T03:16:39Z,53,"1, 2","2, 3",Yes,Tesla,6,2024-07-03T03:19:20Z,77,NA,1959,Male,No,White,2,Retired.,"$100,000 to less than $125,000",M.B.A. or law degree,Single family house not attached to any other house,1,$100 - $200,1,republican,65,7.533333333333333
2024-07-03T08:51:59Z,70.112.22.163,67,ford,78737,2024-07-03T03:53:07Z,184,New,No,"$50,000 - $59,999",Paid all cash/ No loan,10 - 20 mpg,once a week,Gasoline,Driveway/ Carport,I'm not sure,2-3 times a week,Less than once a month or never,Less than once a month or never,Less than once a month or never,Less than once a month or never,1-2 years into the future,Pick-up truck,New,Purchase,"$80,000 - $89,999","$20,000 or more",Maybe/ Not sure,2233,2024-07-03T03:57:33Z,167,2024-07-03T03:56:11Z,82,2,4,Yes,Tesla,4,2024-07-03T04:00:20Z,113,NA,1958,Prefer not to answer,No,White,2,Retired.,"$75,000 to less than $100,000",Some college - but less than two years of college,Single family house not attached to any other house,1,$200 - $300,2,republican,66,10.216666666666667
2024-07-03T09:38:31Z,166.196.107.74,139,cadillac,24301,2024-07-03T04:40:51Z,233,Used car from a dealer,No,"$20,000 - $24,999",$600 - $700,10 - 20 mpg,twice a week,Gasoline,"Driveway/ Carport, Single-family garage",No,Once a day or more,Less than once a month or never,Less than once a month or never,Less than once a month or never,Less than once a month or never,Within 1 year,Large Sedan,Both,Purchase,"$20,000 - $24,999, $60,000 - $69,999","$1,000 - $2,000",Definitely not,1762,2024-07-03T04:45:48Z,211,2024-07-03T04:44:44Z,64,"1, 2","1, 2, 3",Yes,George Marshall,5,2024-07-03T04:49:20Z,132,No,1972,Male,No,Black or African American,More than 5,"Disabled, not able to work.","$15,000 to less than $30,000",High school degree or equivalent (e.g. GED),Building with 20 or more apartments/condos/studios,2,$300 - $400,2,republican,52,12.983333333333333
2024-07-03T12:00:26Z,73.140.149.107,71,other,98023,2024-07-03T07:01:38Z,169,New,No,"$20,000 - $24,999",Paid all cash/ No loan,not applicable,once a month,"Gasoline, Electric",Driveway/ Carport,Yes,Once a day or more,About once a week,2-3 times a week,Less than once a month or never,About once a month,6-9 years into the future,Do not know,Used,Purchase,"$15,000 - $19,999",I'm not sure,Probably Yes,4264,2024-07-03T07:05:10Z,146,2024-07-03T07:04:27Z,43,"1, 2","2, 3",Yes,Chevy Bolt,6,2024-07-03T07:07:36Z,161,Need to ask pros and cons of gas and electric vehicles.,1953,Male,No,White,2,Retired.,"$100,000 to less than $125,000",College graduate/bachelor's degree/B.A./B.S.,Single family house not attached to any other house,1,$200 - $300,4,democratic,71,9.833333333333334
2024-07-03T16:26:27Z,199.184.122.5,33,hyundai,61704,2024-07-03T11:27:00Z,135,New,No,"$20,000 - $24,999",$300 - $400,40 - 50 mpg,once a week,"Gasoline, Hybrid",Single-family garage,Yes,4-5 times a week,Less than once a month or never,Less than once a month or never,Less than once a month or never,Less than once a month or never,3-5 years into the future,Compact SUV,New,Purchase,"$35,000 - $39,999","$9,000 - $10,000",Definitely not,2165,2024-07-03T11:29:48Z,124.00000000000001,2024-07-03T11:29:15Z,33,"1, 2","2, 3",Yes,Tesla,4,2024-07-03T11:31:52Z,61,NA,1967,Male,No,White,2,"Employed, working 40 or more hours per week.","$75,000 to less than $100,000",Some college - but less than two years of college,Single family house not attached to any other house,1,$100 - $200,2,republican,57,6.433333333333334
2024-07-03T17:44:02Z,76.209.102.38,66,dodge,30141,2024-07-03T12:45:09Z,181,New,No,"$25,000 - $29,999",$200 - $300,30 - 40 mpg,once in 2 weeks,Gasoline,"Driveway/ Carport, Single-family garage",I'm not sure,2-3 times a week,Less than once a month or never,Less than once a month or never,Less than once a month or never,Less than once a month or never,I'm not sure,"Large Sedan, Sports Car",Used,Purchase,"$25,000 - $29,999","$4,000 - $5,000",Probably not,3790,2024-07-03T12:49:02Z,143,2024-07-03T12:48:10Z,52,"1, 2","2, 3",Yes,Tesla Model 3,4,2024-07-03T12:51:25Z,87,NA,1957,Male,No,White,3,Retired.,"$75,000 to less than $100,000",Some college - two years or more/A.A. degree,Single family house not attached to any other house,1,$100 - $200,2,republican,67,8.816666666666666
2024-07-03T18:16:33Z,166.194.200.10,55,ford,71822,2024-07-03T13:17:28Z,141,New,No,"$35,000 - $39,999",Paid all cash/ No loan,20 - 30 mpg,once a week,Gasoline,Driveway/ Carport,No,4-5 times a week,Less than once a month or never,2-3 times a week,Less than once a month or never,Less than once a month or never,3-5 years into the future,Pick-up truck,New,Purchase,"$35,000 - $39,999","$20,000 or more",Probably not,4575,2024-07-03T13:20:35Z,178,2024-07-03T13:19:49Z,46,1,"2, 3",Yes,Tesla,6,2024-07-03T13:23:33Z,109,NA,1971,Male,No,White,1,"Employed, working 40 or more hours per week.",Prefer not to answer,Some college - two years or more/A.A. degree,Single family house not attached to any other house,4,$0 - $100,7,independent,53,8.816666666666666
2024-07-03T21:43:15Z,73.167.138.212,62,honda,05735,2024-07-03T16:44:17Z,172,Used car from a dealer,No,"$25,000 - $29,999",$200 - $300,20 - 30 mpg,once a month,Gasoline,Single-family garage,No,2-3 times a week,Less than once a month or never,Less than once a month or never,Less than once a month or never,Less than once a month or never,1-2 years into the future,Compact SUV,Used,Purchase,"$25,000 - $29,999",$19000 - $20000,Definitely not,3102,2024-07-03T16:49:03Z,204,2024-07-03T16:47:10Z,113,"1, 2","2, 3",Yes,Garbage car,4,2024-07-03T16:52:27Z,240,I will NEVER consider buying an electric car! Too many horror stories. Relative bought Mustang electric. I month traded it for a real CAR,1953,Male,No,White,2,Retired.,"$50,000 to less than $60,000",College graduate/bachelor's degree/B.A./B.S.,Single family house not attached to any other house,1,$100 - $200,1,republican,71,13.183333333333334
2024-07-04T00:12:24Z,73.120.127.166,45,chrysler,37641,2024-07-03T19:13:09Z,132,Used car from a dealer,No,"$5,000 - $9999",$100 - $200,20 - 30 mpg,once a month,Gasoline,Driveway/ Carport,No,About once a week,Less than once a month or never,Less than once a month or never,Less than once a month or never,Less than once a month or never,10+ years into the future,"Small Sedan, Large Sedan",Used,Purchase,"$5,000 - $9999","$0 - $1,000",Maybe/ Not sure,715,2024-07-03T19:16:00Z,109,2024-07-03T19:15:21Z,39,"1, 2","2, 3",Yes,tesla,6,2024-07-03T19:17:49Z,96,I like cheese,1968,Male,No,White,2,"Disabled, not able to work.","$15,000 to less than $30,000",Some college - two years or more/A.A. degree,Single family house not attached to any other house,1,$100 - $200,4,democratic,56,7.016666666666667
2024-07-04T00:31:20Z,99.56.212.229,60,ram,49505,2024-07-03T19:32:20Z,135,Used car informally,No,"$4,999 or less",Paid all cash/ No loan,10 - 20 mpg,once a month,Gasoline,Shared parking lot,No,About once a week,Less than once a month or never,2-3 times a week,Less than once a month or never,About once a month,3-5 years into the future,Pick-up truck,Used,Purchase,"$4,999 or less, $5,000 - $9999",I'm not sure,Definitely not,2907,2024-07-03T19:35:12Z,136,2024-07-03T19:34:35Z,37,"1, 2","2, 3",No,NA,6,2024-07-03T19:37:28Z,99,Libertarian Party,1967,Male,No,White,3,"Disabled, not able to work.","Less than $15,000",College graduate/bachelor's degree/B.A./B.S.,Building with 2-4 apartments/condos/studios,2,$200 - $300,7,independent,57,7.783333333333333
2024-07-04T00:45:55Z,172.59.222.97,58,chevrolet,75248,2024-07-03T19:46:53Z,190,Used car from a dealer,No,"$15,000 - $19,999",Paid all cash/ No loan,30 - 40 mpg,once in 2 weeks,Gasoline,Shared parking lot,Yes,Once a day or more,About once a month,Less than once a month or never,Less than once a month or never,Less than once a month or never,6-9 years into the future,"Large Sedan, Sports Car, Compact SUV, Pick-up truck",Both,Purchase,"$15,000 - $19,999, $20,000 - $24,999, $25,000 - $29,999, $30,000 - $34,999, $35,000 - $39,999, $40,000 - $44,999, $45,000 - $49,999",I'm not sure,Definitely Yes,2195,2024-07-03T19:50:56Z,168,2024-07-03T19:50:04Z,51,"1, 2","2, 3",Yes,Chevrolet Bolt,4,2024-07-03T19:53:44Z,132,"The phrasing on ""name a pure electric vehicle"" was a little vague to me. Almost wrote ""BEV"" as the designation I've heard the vehicle category called in the past.",2000,Male,No,White,1,"Employed, working 40 or more hours per week.","$75,000 to less than $100,000",College graduate/bachelor's degree/B.A./B.S.,Building with 20 or more apartments/condos/studios,2,$0 - $100,3,independent,24,9.983333333333333
2024-07-04T01:10:41Z,174.209.98.17,77,ford,31038,2024-07-03T20:11:58Z,165,New,No,"$20,000 - $24,999",Paid all cash/ No loan,0 - 10 mpg,once a month,Gasoline,Driveway/ Carport,No,About once a week,Less than once a month or never,Less than once a month or never,Less than once a month or never,Less than once a month or never,10+ years into the future,Pick-up truck,Used,Purchase,"$50,000 - $59,999","$20,000 or more",Definitely not,592,2024-07-03T20:15:24Z,156,2024-07-03T20:14:43Z,41,"1, 2","2, 3",Yes,Tesla,6,2024-07-03T20:18:00Z,94,NA,1969,Male,No,White,2,"Employed, working 40 or more hours per week.","$150,000 to less than $175,000",Some college - two years or more/A.A. degree,Single family house not attached to any other house,1,$100 - $200,1,independent,55,8.883333333333333
2024-07-04T01:17:24Z,199.48.0.15,46,buick,71603,2024-07-03T20:18:10Z,106,Used car from a dealer,No,"$10,000 - $14,999",Paid all cash/ No loan,20 - 30 mpg,once a week,"Gasoline, Other:",Driveway/ Carport,No,4-5 times a week,About once a week,About once a month,Less than once a month or never,Less than once a month or never,I'm not sure,"Large SUV, Pick-up truck",Both,Purchase,"$40,000 - $44,999",I'm not sure,Definitely not,4157,2024-07-03T20:20:29Z,91,2024-07-03T20:19:56Z,33,"1, 2","2, 3",Yes,Tesla,6,2024-07-03T20:22:01Z,55,NA,1975,Male,No,White,5,"Employed, working 40 or more hours per week.","$75,000 to less than $100,000",Technical or trade school,Single family house not attached to any other house,1,$200 - $300,1,republican,49,5.516666666666667
2024-07-04T02:15:04Z,172.226.176.47,43,volvo,78681,2024-07-03T21:15:47Z,161,Used car from a dealer,No,"$20,000 - $24,999",Paid all cash/ No loan,30 - 40 mpg,once in 2 weeks,Gasoline,Driveway/ Carport,Yes,4-5 times a week,Less than once a month or never,Less than once a month or never,Less than once a month or never,Less than once a month or never,Within 1 year,Compact SUV,Both,Purchase,"$35,000 - $39,999, $40,000 - $44,999, $45,000 - $49,999, $50,000 - $59,999","$20,000 or more",Probably Yes,3310,2024-07-03T21:19:11Z,135,2024-07-03T21:18:28Z,43,"1, 2","2, 3",Yes,Tesla,4,2024-07-03T21:21:26Z,79,NA,1982,Male,No,White,4,"Employed, working 40 or more hours per week.","$150,000 to less than $175,000",Some college - two years or more/A.A. degree,Single family house not attached to any other house,1,$100 - $200,5,democratic,42,7.683333333333334
2024-07-04T02:50:38Z,99.16.245.107,68,hyundai,60073,2024-07-03T21:51:46Z,142,New,No,"$15,000 - $19,999",$200 - $300,20 - 30 mpg,once a month,Gasoline,Driveway/ Carport,No,2-3 times a week,Less than once a month or never,Less than once a month or never,Less than once a month or never,Less than once a month or never,10+ years into the future,Do not know,New,Purchase,I'm not sure,I'm not sure,Definitely not,1851,2024-07-03T21:54:49Z,126,2024-07-03T21:54:08Z,41,"1, 2","1, 2, 3",Yes,Tesla,6,2024-07-03T21:56:55Z,85,NA,1960,Male,No,White,2,Retired.,Prefer not to answer,Some college - but less than two years of college,Single family house not attached to any other house,1,$0 - $100,2,independent,64,7.7
2024-07-04T07:22:59Z,73.127.143.226,126,bmw,87501,2024-07-04T02:25:07Z,202,Used car from a dealer,No,"$50,000 - $59,999",$700 - $800,30 - 40 mpg,once in 2 weeks,Gasoline,"Driveway/ Carport, Single-family garage",No,Once a day or more,Less than once a month or never,About once a week,Less than once a month or never,Less than once a month or never,6-9 years into the future,"Sports Car, Compact SUV, Pick-up truck",Used,Purchase,"$80,000 - $89,999","$0 - $1,000",Definitely not,1833,2024-07-04T02:29:34Z,253,2024-07-04T02:28:29Z,65,"1, 2","2, 3",Yes,Tesla,2,2024-07-04T02:33:48Z,169,NA,1971,Male,No,White,2,"Employed, working 40 or more hours per week.","$150,000 to less than $175,000",Technical or trade school,Single family house not attached to any other house,1,$300 - $400,3,republican,53,13.583333333333334
2024-07-04T08:35:04Z,166.196.86.65,107,chevrolet,45015,2024-07-04T03:36:52Z,207,Used car informally,No,"$4,999 or less",Paid all cash/ No loan,10 - 20 mpg,once a week,Gasoline,"Street Parking, Driveway/ Carport",I'm not sure,Once a day or more,Less than once a month or never,Less than once a month or never,Less than once a month or never,Less than once a month or never,I'm not sure,Pick-up truck,I'm not sure,Purchase,"$4,999 or less","$0 - $1,000",Probably not,2801,2024-07-04T03:41:20Z,663,2024-07-04T03:40:19Z,61,"1, 2","2, 3",Yes,Tesla,6,2024-07-04T03:52:23Z,350,"Vehicles are too complicated 
Since we're unsafe at any SPEED why worry about all the electronic gizmos that goast brake and lead to a false sence of Safety. 
There's nothing free fair or safe. 
",1973,Male,No,White,1,"Employed, working 40 or more hours per week.","$75,000 to less than $100,000",Some college - but less than two years of college,"Single family house attached to one or more houses (townhouse, rowhome, condo, duplex, triplex, etc.)",2,$0 - $100,1,republican,51,23.133333333333333
2024-07-04T09:12:22Z,77.234.44.180,52,subaru,16371,2024-07-04T04:13:14Z,137,Used car from a dealer,No,"$5,000 - $9999",Paid all cash/ No loan,20 - 30 mpg,once a week,Gasoline,"Street Parking, Driveway/ Carport",No,4-5 times a week,Less than once a month or never,About once a week,Less than once a month or never,Less than once a month or never,1-2 years into the future,Large SUV,I'm not sure,Purchase,"$10,000 - $14,999","$2,000 - $3,000",Definitely not,674,2024-07-04T04:16:23Z,125.00000000000001,2024-07-04T04:15:31Z,52,2,2,Yes,Rivian,6,2024-07-04T04:18:28Z,116,The government shouldn't have killed off the dude that invented an engine that operated on WATER,1991,Male,No,White,More than 5,"Employed, working 40 or more hours per week.","$60,000 to less than $75,000",High school degree or equivalent (e.g. GED),"Single family house attached to one or more houses (townhouse, rowhome, condo, duplex, triplex, etc.)",2,$100 - $200,7,prefer_not_say,33,8.033333333333333
2024-07-04T09:34:14Z,71.88.161.151,61,nissan,38201,2024-07-04T04:35:16Z,185,New,No,"$40,000 - $44,999",$700 - $800,20 - 30 mpg,once a week,Gasoline,"Driveway/ Carport, Single-family garage",Yes,Once a day or more,Less than once a month or never,About once a week,Less than once a month or never,Less than once a month or never,3-5 years into the future,Pick-up truck,New,Purchase,"$60,000 - $69,999","$5,000 - $6,000",Probably Yes,2832,2024-07-04T04:39:14Z,210,2024-07-04T04:38:21Z,52,"1, 2","2, 3",Yes,Tesla,4,2024-07-04T04:42:45Z,84,NA,1962,Male,No,White,2,"Employed, working 40 or more hours per week.","$75,000 to less than $100,000",Some college - two years or more/A.A. degree,Single family house not attached to any other house,1,$100 - $200,5,democratic,62,9.866666666666667
2024-07-04T18:51:43Z,208.107.25.223,63,volvo,55025,2024-07-04T13:52:46Z,115,Used car informally,No,"$5,000 - $9999",Paid all cash/ No loan,20 - 30 mpg,once a week,Gasoline,"Driveway/ Carport, Single-family garage",Yes,Once a day or more,About once a month,2-3 times a week,Less than once a month or never,Less than once a month or never,3-5 years into the future,"Large SUV, Van, Pick-up truck, Do not know",Used,Purchase,"$4,999 or less, $5,000 - $9999, $10,000 - $14,999, $15,000 - $19,999",I'm not sure,Maybe/ Not sure,1525,2024-07-04T13:55:14Z,160,2024-07-04T13:54:41Z,33,"1, 2","2, 3",Yes,VW atlas,4,2024-07-04T13:57:54Z,73,NA,2003,Female,No,White,2,"Employed, working 40 or more hours per week.","$60,000 to less than $75,000",High school degree or equivalent (e.g. GED),Building with 5-19 apartments/condos/studios,2,$100 - $200,7,democratic,21,7.4
2024-07-04T20:54:56Z,47.42.236.125,55,jeep,37922,2024-07-04T15:55:51Z,185,Used car from a dealer,No,"$35,000 - $39,999",$300 - $400,20 - 30 mpg,once a week,Gasoline,Single-family garage,No,Less than once a month or never,Less than once a month or never,Less than once a month or never,Less than once a month or never,Less than once a month or never,1-2 years into the future,Large SUV,Used,Purchase,"$35,000 - $39,999","$20,000 or more",Definitely not,526,2024-07-04T16:00:06Z,171,2024-07-04T15:58:56Z,70,"1, 2","2, 3",Yes,Porsche,4,2024-07-04T16:02:57Z,255,Public transportation is expensive and uncomfortable.  EVs are poor replacements for ICEs due to range and charging limitations.  EV makers would be way ahead to focus on range management rather than acceleration.   And I own a sports car.,1957,Male,No,White,2,Retired.,"$100,000 to less than $125,000",College graduate/bachelor's degree/B.A./B.S.,Single family house not attached to any other house,1,$100 - $200,2,republican,67,12.266666666666667
2024-07-04T21:27:05Z,107.201.186.126,48,hyundai,46060,2024-07-04T16:27:53Z,106,Used car from a dealer,No,"$15,000 - $19,999",$300 - $400,20 - 30 mpg,once a week,Gasoline,Single-family garage,Yes,4-5 times a week,Less than once a month or never,Less than once a month or never,Less than once a month or never,Less than once a month or never,Within 1 year,Sports Car,Used,Purchase,"$10,000 - $14,999","$3,000 - $4,000",Definitely not,4674,2024-07-04T16:30:15Z,115,2024-07-04T16:29:39Z,36,"1, 2","2, 3",Yes,Tesla,6,2024-07-04T16:32:10Z,60,NA,1962,Male,No,White,3,"Employed, working 1-39 hours per week.","$150,000 to less than $175,000",Some college - but less than two years of college,Single family house not attached to any other house,2,$100 - $200,3,democratic,62,6.083333333333333
2024-07-04T23:26:25Z,24.4.157.70,134,audi,94533,2024-07-04T18:28:39Z,175,Used car from a dealer,No,"$50,000 - $59,999",$900 - $1000,20 - 30 mpg,once a week,Gasoline,Driveway/ Carport,Yes,Once a day or more,Less than once a month or never,Less than once a month or never,Less than once a month or never,Less than once a month or never,1-2 years into the future,Do not know,Both,I'm not sure,"$45,000 - $49,999",I'm not sure,Probably Yes,873,2024-07-04T18:32:31Z,326,2024-07-04T18:31:34Z,57,"1, 2","1, 2, 3",Yes,Tesla,6,2024-07-04T18:37:57Z,147,NA,1965,Female,No,White,2,"Not employed, NOT looking for work.","$175,000 to less than $200,000",Some college - but less than two years of college,Single family house not attached to any other house,1,$0 - $100,4,democratic,59,13.983333333333333
2024-07-04T23:47:11Z,66.36.121.15,67,dodge,81223,2024-07-04T18:48:19Z,147,New,No,"$30,000 - $34,999",Paid all cash/ No loan,20 - 30 mpg,once in 2 weeks,Gasoline,Single-family garage,No,2-3 times a week,Less than once a month or never,Less than once a month or never,Less than once a month or never,Less than once a month or never,3-5 years into the future,"Large SUV, Van",New,Purchase,"$40,000 - $44,999","$20,000 or more",Maybe/ Not sure,1938,2024-07-04T18:51:34Z,159,2024-07-04T18:50:47Z,47,"1, 2","2, 3",Yes,Rivian,4,2024-07-04T18:54:13Z,94,NA,1959,Male,No,"Asian, White",2,Retired.,"$125,000 to less than $150,000",College graduate/bachelor's degree/B.A./B.S.,Single family house not attached to any other house,1,$300 - $400,3,independent,65,8.566666666666666
2024-07-05T01:01:28Z,38.40.10.151,94,chevrolet,30248,2024-07-04T20:03:02Z,6980,Used car informally,No,"$10,000 - $14,999",Paid all cash/ No loan,20 - 30 mpg,once a week,Gasoline,"Driveway/ Carport, Single-family garage",No,Less than once a month or never,Less than once a month or never,Less than once a month or never,Less than once a month or never,Less than once a month or never,3-5 years into the future,"Compact SUV, Large SUV",Both,Purchase,"$20,000 - $24,999",I'm not sure,Definitely not,3498,2024-07-04T22:00:51Z,285,2024-07-04T21:59:22Z,89,1,"2, 3",Yes,"Tesla, Rivian",6,2024-07-04T22:05:36Z,133,NA,1962,Male,No,White,3,"Employed, working 40 or more hours per week.","$175,000 to less than $200,000",Some college - but less than two years of college,Single family house not attached to any other house,1,$300 - $400,5,democratic,62,126.35
2024-07-05T03:03:01Z,172.59.97.130,47,toyota,53021,2024-07-04T22:03:48Z,131,New,No,"$40,000 - $44,999",Do not remember or do not know,20 - 30 mpg,once in 2 weeks,Gasoline,Single-family garage,No,4-5 times a week,Less than once a month or never,2-3 times a week,Less than once a month or never,Less than once a month or never,6-9 years into the future,Large Sedan,Used,Purchase,"$20,000 - $24,999","$4,000 - $5,000",Maybe/ Not sure,1771,2024-07-04T22:06:34Z,151,2024-07-04T22:05:59Z,35,1,"2, 3",No,NA,6,2024-07-04T22:09:05Z,79,NA,1966,Male,No,"American Indian or Alaskan Native, White",4,"Employed, working 40 or more hours per week.","$75,000 to less than $100,000",Ph.D. or M.D,Single family house not attached to any other house,1,$0 - $100,5,democratic,58,7.383333333333334
2024-07-05T04:37:56Z,47.155.85.24,49,toyota,92683,2024-07-04T23:38:45Z,119,New,No,"$50,000 - $59,999",$900 - $1000,20 - 30 mpg,once in 2 weeks,"Gasoline, Hybrid",Driveway/ Carport,I'm not sure,2-3 times a week,2-3 times a week,Less than once a month or never,Less than once a month or never,Less than once a month or never,6-9 years into the future,"Small Sedan, Large Sedan, Large SUV",New,Purchase,"$50,000 - $59,999","$10,000 - $11,000",Maybe/ Not sure,3885,2024-07-04T23:41:18Z,196,2024-07-04T23:40:44Z,34,"1, 2","2, 3",Yes,Rivian,6,2024-07-04T23:44:34Z,164,Try to identify limiting factors on buying decisions i.e. What is the rnge of an electric vehicle? How long does it take to charge? Does the car have a specialty use in mind when purchased.,1960,Male,No,White,2,"Not employed, looking for work.","$250,000 or more",College graduate/bachelor's degree/B.A./B.S.,Single family house not attached to any other house,1,$0 - $100,3,independent,64,9.366666666666667
2024-07-05T04:46:41Z,129.222.3.119,46,ford,27960,2024-07-04T23:47:28Z,212,Used car from a dealer,No,"$25,000 - $29,999",Paid all cash/ No loan,20 - 30 mpg,once a month,Gasoline,Other:,No,2-3 times a week,Less than once a month or never,About once a week,Less than once a month or never,Less than once a month or never,3-5 years into the future,Pick-up truck,Used,Purchase,I'm not sure,I'm not sure,Probably not,4534,2024-07-04T23:52:17Z,343,2024-07-04T23:51:00Z,77,"1, 2","2, 3",Yes,"Tesla, Rivian,",6,2024-07-04T23:58:00Z,124,NA,1961,Male,No,Some other race:,1,"Employed, working 40 or more hours per week.","$150,000 to less than $175,000",Some college - but less than two years of college,Single family house not attached to any other house,1,$100 - $200,6,independent,63,13.366666666666667
2024-07-05T06:03:16Z,35.145.186.141,97,hyundai,33625,2024-07-05T01:04:54Z,257,New,No,"$20,000 - $24,999",$300 - $400,30 - 40 mpg,once a week,Gasoline,"Driveway/ Carport, Single-family garage",No,Once a day or more,Less than once a month or never,Less than once a month or never,Less than once a month or never,Less than once a month or never,6-9 years into the future,"Small Sedan, Sports Car, Large SUV, Pick-up truck",New,Purchase,"$90,000 - $99,999","$9,000 - $10,000",Definitely not,3683,2024-07-05T01:10:15Z,165,2024-07-05T01:09:11Z,64,"1, 2","2, 3",Yes,tesla,6,2024-07-05T01:13:00Z,93,NA,1964,Male,No,White,3,Retired.,"$150,000 to less than $175,000",High school degree or equivalent (e.g. GED),Single family house not attached to any other house,1,$300 - $400,3,republican,60,11.266666666666667
2024-07-05T07:17:05Z,68.102.26.121,124,nissan,66502,2024-07-05T02:19:10Z,182,New,No,"$20,000 - $24,999",$300 - $400,20 - 30 mpg,once in 2 weeks,Gasoline,Driveway/ Carport,No,2-3 times a week,Less than once a month or never,Less than once a month or never,Less than once a month or never,Less than once a month or never,1-2 years into the future,Pick-up truck,Used,Purchase,"$20,000 - $24,999","$0 - $1,000",Definitely not,2804,2024-07-05T02:23:14Z,196,2024-07-05T02:22:13Z,61,1,3,Yes,Telsa,6,2024-07-05T02:26:31Z,113,NA,1964,Male,No,White,2,"Employed, working 40 or more hours per week.","$75,000 to less than $100,000",Technical or trade school,Single family house not attached to any other house,1,$200 - $300,2,republican,60,11.266666666666667
2024-07-05T08:08:05Z,172.59.89.81,114,jeep,38641,2024-07-05T03:09:59Z,178,Used car from a dealer,No,"$30,000 - $34,999",Paid all cash/ No loan,10 - 20 mpg,twice a week,Gasoline,"Driveway/ Carport, Single-family garage",No,Once a day or more,Less than once a month or never,Less than once a month or never,Less than once a month or never,Less than once a month or never,10+ years into the future,"Small Sedan, Large Sedan, Sports Car, Compact SUV, Large SUV, Van, Pick-up truck, Do not know",Both,Purchase,"$10,000 - $14,999, $15,000 - $19,999, $20,000 - $24,999, $25,000 - $29,999, $30,000 - $34,999, $35,000 - $39,999","$20,000 or more",Probably Yes,1966,2024-07-05T03:14:16Z,179,2024-07-05T03:12:57Z,79,"1, 2","2, 3",Yes,Rivian R1S,4,2024-07-05T03:17:16Z,260,While a BEV would support my normal driving habits very well it is too expensive to buy one just for commuting.,1985,Male,No,White,2,"Employed, working 40 or more hours per week.","$200,000 to less than $250,000",College graduate/bachelor's degree/B.A./B.S.,Single family house not attached to any other house,1,$100 - $200,7,independent,39,13.5
2024-07-05T09:37:05Z,72.176.58.255,93,toyota,76504,2024-07-05T04:38:39Z,191,Used car from a dealer,No,"$10,000 - $14,999",Paid all cash/ No loan,20 - 30 mpg,once in 2 weeks,Gasoline,Driveway/ Carport,No,Once a day or more,Less than once a month or never,Less than once a month or never,Less than once a month or never,Less than once a month or never,10+ years into the future,"Large Sedan, Pick-up truck",Used,Purchase,"$10,000 - $14,999",I'm not sure,Definitely not,1667,2024-07-05T04:43:07Z,201,2024-07-05T04:41:50Z,76,"1, 2","2, 3",Yes,Tesla,6,2024-07-05T04:46:29Z,108,NA,1962,Male,No,White,2,"Employed, working 40 or more hours per week.","$50,000 to less than $60,000",Some college - two years or more/A.A. degree,Single family house not attached to any other house,1,$100 - $200,1,republican,62,11.15
2024-07-05T10:59:49Z,50.25.138.113,105,nissan,27858,2024-07-05T06:01:35Z,164,Received as a gift,No,"$4,999 or less",Paid all cash/ No loan,20 - 30 mpg,once in 2 weeks,Gasoline,Shared parking lot,No,Once a day or more,Less than once a month or never,Less than once a month or never,Less than once a month or never,Less than once a month or never,I'm not sure,"Small Sedan, Pick-up truck",Used,Purchase,"$4,999 or less",I'm not sure,Probably not,1155,2024-07-05T06:05:12Z,405,2024-07-05T06:04:19Z,53,"1, 2","2, 3",Yes,Rivian,4,2024-07-05T06:11:57Z,87,NA,1967,Male,No,White,2,"Employed, working 1-39 hours per week.","$15,000 to less than $30,000",Some college - but less than two years of college,Building with 5-19 apartments/condos/studios,2,$0 - $100,4,democratic,57,13.566666666666666
2024-07-05T16:26:03Z,8.3.127.69,72,hyundai,96950,2024-07-05T11:27:15Z,175,New,No,"$40,000 - $44,999",$400 - $500,20 - 30 mpg,once in 2 weeks,Gasoline,Single-family garage,No,4-5 times a week,About once a week,Less than once a month or never,Less than once a month or never,Less than once a month or never,1-2 years into the future,"Small Sedan, Large Sedan, Sports Car",Both,Purchase,"$30,000 - $34,999","$5,000 - $6,000",Definitely not,472,2024-07-05T11:31:17Z,179,2024-07-05T11:30:10Z,67,"1, 2","2, 3",Yes,Nissan Ariya,6,2024-07-05T11:34:17Z,136,NA,1975,Male,No,Asian,3,"Employed, working 40 or more hours per week.","$50,000 to less than $60,000",College graduate/bachelor's degree/B.A./B.S.,Single family house not attached to any other house,2,$100 - $200,2,republican,49,10.483333333333333
2024-07-05T20:53:02Z,73.251.129.115,59,jeep,23224,2024-07-05T15:54:02Z,177,Used car from a dealer,No,"$40,000 - $44,999",Paid all cash/ No loan,10 - 20 mpg,once in 2 weeks,Gasoline,Shared parking garage,I'm not sure,4-5 times a week,Less than once a month or never,About once a month,Less than once a month or never,About once a month,6-9 years into the future,Large SUV,Both,Purchase,"$50,000 - $59,999","$20,000 or more",Definitely not,4719,2024-07-05T15:57:38Z,249.00000000000003,2024-07-05T15:56:59Z,39,"1, 2","1, 2, 3",Yes,Tesla,6,2024-07-05T16:01:47Z,81,NA,1988,Male,No,Do not know/prefer not to answer,1,"Not employed, looking for work.","$30,000 to less than $40,000",M.B.A. or law degree,Building with 20 or more apartments/condos/studios,2,$0 - $100,2,republican,36,10.083333333333334
2024-07-06T05:15:13Z,67.61.246.71,28,honda,63501,2024-07-06T00:15:42Z,71,New,No,"$25,000 - $29,999",Paid all cash/ No loan,20 - 30 mpg,once in 2 weeks,Gasoline,"Driveway/ Carport, Single-family garage",Yes,4-5 times a week,About once a month,Once a day or more,Less than once a month or never,About once a month,3-5 years into the future,"Small Sedan, Large SUV",Used,Purchase,"$15,000 - $19,999","$4,000 - $5,000",Definitely Yes,3721,2024-07-06T00:17:13Z,97,2024-07-06T00:16:53Z,20,"1, 2",2,Yes,Tesla,2,2024-07-06T00:18:50Z,60,NA,1972,Male,No,White,5,"Employed, working 40 or more hours per week.","$200,000 to less than $250,000",Ph.D. or M.D,Single family house not attached to any other house,1,$100 - $200,4,democratic,52,4.6
2024-07-06T06:48:00Z,66.148.59.123,67,mercury,72921,2024-07-06T01:49:08Z,144,Used car informally,No,"$4,999 or less",Paid all cash/ No loan,10 - 20 mpg,once a week,Gasoline,Street Parking,No,Once a day or more,Less than once a month or never,Less than once a month or never,Less than once a month or never,Less than once a month or never,Within 1 year,Pick-up truck,Both,Purchase,"$40,000 - $44,999",I'm not sure,Definitely not,2220,2024-07-06T01:52:07Z,143,2024-07-06T01:51:32Z,35,"1, 2","2, 3",Yes,Tesla,6,2024-07-06T01:54:30Z,143,NA,1963,Male,No,"American Indian or Alaskan Native, White",2,"Not employed, looking for work.",Prefer not to answer,College graduate/bachelor's degree/B.A./B.S.,Single family house not attached to any other house,1,$300 - $400,7,independent,61,8.866666666666667
2024-07-06T07:34:07Z,166.199.149.18,71,chevrolet,28086,2024-07-06T02:35:18Z,321,New,No,"$45,000 - $49,999",Paid all cash/ No loan,10 - 20 mpg,once a week,Gasoline,Driveway/ Carport,No,Once a day or more,Less than once a month or never,Less than once a month or never,Less than once a month or never,Less than once a month or never,Within 1 year,Pick-up truck,New,Purchase,"$40,000 - $44,999","$1,000 - $2,000",Definitely not,627,2024-07-06T02:41:27Z,190,2024-07-06T02:40:39Z,47,1,"2, 3",Yes,Tesla,6,2024-07-06T02:44:37Z,198,NA,1959,Male,No,White,3,Retired.,"$75,000 to less than $100,000",Technical or trade school,Single family house not attached to any other house,1,$200 - $300,6,prefer_not_say,65,13.783333333333333
2024-07-06T08:06:32Z,104.183.250.75,73,subaru,76087,2024-07-06T03:07:45Z,416,New,No,"$35,000 - $39,999",Paid all cash/ No loan,20 - 30 mpg,twice a week,Gasoline,Single-family garage,I'm not sure,Once a day or more,Less than once a month or never,Less than once a month or never,Less than once a month or never,Less than once a month or never,6-9 years into the future,"Compact SUV, Large SUV, Pick-up truck",New,Purchase,"$35,000 - $39,999","$20,000 or more",Definitely Yes,4870,2024-07-06T03:15:41Z,196,2024-07-06T03:14:41Z,60,"1, 2","2, 3",Yes,Tesla,4,2024-07-06T03:18:57Z,78,NA,1967,Female,No,White,2,Retired.,"$100,000 to less than $125,000",Postgraduate courses,Single family house not attached to any other house,1,$100 - $200,3,independent,57,13.716666666666667
2024-07-06T08:52:08Z,98.17.172.157,66,kia,30453,2024-07-06T03:53:14Z,114,New,No,"$15,000 - $19,999",Paid all cash/ No loan,30 - 40 mpg,once in 2 weeks,Gasoline,Single-family garage,No,About once a week,Less than once a month or never,Less than once a month or never,Less than once a month or never,Less than once a month or never,Within 1 year,Small Sedan,New,Lease,"$35,000 - $39,999","$5,000 - $6,000",Definitely Yes,4297,2024-07-06T03:55:48Z,112,2024-07-06T03:55:08Z,40,1,"1, 2, 3",Yes,Tesla model 3,4,2024-07-06T03:57:41Z,69,NA,1963,Female,No,Black or African American,1,Retired.,"$15,000 to less than $30,000",Some college - two years or more/A.A. degree,Single family house not attached to any other house,1,$0 - $100,5,democratic,61,6.683333333333334
2024-07-06T12:45:37Z,98.97.18.205,67,toyota,06605,2024-07-06T07:46:45Z,157,Used car from a dealer,No,"$15,000 - $19,999",$200 - $300,20 - 30 mpg,once a week,Gasoline,Shared parking garage,Yes,Once a day or more,Less than once a month or never,About once a month,About once a month,Less than once a month or never,3-5 years into the future,"Large Sedan, Large SUV",Both,Purchase,"$30,000 - $34,999","$1,000 - $2,000",Probably not,2920,2024-07-06T07:50:24Z,243,2024-07-06T07:49:22Z,62,"1, 2","2, 3",Yes,Hyundai Ioniq 5,4,2024-07-06T07:54:27Z,116,NA,1991,Male,No,White,2,"Employed, working 40 or more hours per week.","$75,000 to less than $100,000",Ph.D. or M.D,Building with 20 or more apartments/condos/studios,2,$100 - $200,3,independent,33,10.75
2024-07-06T16:20:27Z,166.199.140.42,64,ford,24531,2024-07-06T11:21:32Z,163,New,No,"$25,000 - $29,999",$100 - $200,40 - 50 mpg,once in 2 weeks,"Gasoline, Hybrid","Driveway/ Carport, Single-family garage, Shared parking lot",No,Once a day or more,About once a week,Once a day or more,Less than once a month or never,Less than once a month or never,1-2 years into the future,"Large SUV, Pick-up truck",New,Purchase,"$40,000 - $44,999, $45,000 - $49,999, $50,000 - $59,999, $60,000 - $69,999, $70,000 - $79,999","$20,000 or more",Probably not,3514,2024-07-06T11:24:49Z,121,2024-07-06T11:24:16Z,33,"1, 2","2, 3",Yes,Tesla,6,2024-07-06T11:26:50Z,77,NA,1989,Male,No,White,3,"Employed, working 40 or more hours per week.","$100,000 to less than $125,000",Master's degree,Single family house not attached to any other house,3,$0 - $100,3,independent,35,7.633333333333334
2024-07-06T20:01:33Z,174.192.196.76,58,honda,21160,2024-07-06T15:02:31Z,134,New,No,"$50,000 - $59,999",$700 - $800,20 - 30 mpg,once a week,Gasoline,Single-family garage,No,Once a day or more,Less than once a month or never,4-5 times a week,Less than once a month or never,Less than once a month or never,1-2 years into the future,Pick-up truck,New,Purchase,"$70,000 - $79,999","$4,000 - $5,000",Definitely not,1302,2024-07-06T15:05:19Z,142,2024-07-06T15:04:45Z,34,1,"2, 3",No,NA,6,2024-07-06T15:07:41Z,86,NA,1969,Male,No,White,2,"Employed, working 40 or more hours per week.","$200,000 to less than $250,000",Postgraduate courses,Single family house not attached to any other house,1,$200 - $300,2,republican,55,7.566666666666666
2024-07-06T21:31:26Z,172.58.0.190,44,chevrolet,30071,2024-07-06T16:32:11Z,146,Used car informally,No,"$5,000 - $9999",Paid all cash/ No loan,10 - 20 mpg,once in 2 weeks,Gasoline,Single-family garage,I'm not sure,4-5 times a week,Less than once a month or never,Less than once a month or never,Less than once a month or never,Less than once a month or never,10+ years into the future,Do not know,I'm not sure,Purchase,"$15,000 - $19,999",$15000 - $16000,Definitely not,3412,2024-07-06T16:35:10Z,156,2024-07-06T16:34:37Z,33,4,4,No,NA,6,2024-07-06T16:37:46Z,296,NA,1964,Male,No,White,2,"Employed, working 40 or more hours per week.","$100,000 to less than $125,000",Some college - two years or more/A.A. degree,"Single family house attached to one or more houses (townhouse, rowhome, condo, duplex, triplex, etc.)",1,$100 - $200,2,prefer_not_say,60,11.25
2024-07-07T01:37:17Z,65.122.87.90,143,ford,48197,2024-07-06T20:39:41Z,362,New,Yes,"$35,000 - $39,999",$400 - $500,40 - 50 mpg,once in 2 weeks,"Gasoline, Hybrid, Plug-in Hybrid","Driveway/ Carport, Single-family garage",Yes,Once a day or more,About once a month,About once a week,Less than once a month or never,Less than once a month or never,10+ years into the future,"Small Sedan, Sports Car",Both,I'm not sure,"$5,000 - $9999, $10,000 - $14,999, $15,000 - $19,999, $20,000 - $24,999, $25,000 - $29,999",I'm not sure,Maybe/ Not sure,1889,2024-07-06T20:46:40Z,414,2024-07-06T20:45:43Z,57,"1, 2","2, 3",Yes,Ev,4,2024-07-06T20:53:34Z,692,NA,1974,Male,No,White,3,"Employed, working 40 or more hours per week.","$250,000 or more",Master's degree,Single family house not attached to any other house,1,$200 - $300,5,prefer_not_say,50,27.8
2024-07-07T02:50:33Z,172.59.76.179,66,chevrolet,72416,2024-07-06T21:51:39Z,183,Used car informally,No,"$30,000 - $34,999",Paid all cash/ No loan,10 - 20 mpg,once a week,"Gasoline, Other:",Driveway/ Carport,No,About once a week,Less than once a month or never,Less than once a month or never,Less than once a month or never,Less than once a month or never,10+ years into the future,Do not know,Used,I'm not sure,"$5,000 - $9999","$0 - $1,000",Definitely not,4178,2024-07-06T21:55:40Z,175,2024-07-06T21:54:43Z,57,1,"2, 3",Yes,Tesla,6,2024-07-06T21:58:35Z,142,NA,1960,Male,No,White,1,Retired.,"$40,000 to less than $50,000",Some college - but less than two years of college,"Boat, RV, van, etc.",1,$100 - $200,2,independent,64,10.383333333333333
2024-07-07T12:49:03Z,166.196.110.2,64,chevrolet,55720,2024-07-07T07:50:08Z,144,Used car informally,No,"$4,999 or less",Paid all cash/ No loan,10 - 20 mpg,once a week,Gasoline,"Street Parking, Driveway/ Carport",No,2-3 times a week,Less than once a month or never,4-5 times a week,Less than once a month or never,Less than once a month or never,I'm not sure,"Sports Car, Van, Pick-up truck",Used,Purchase,"$4,999 or less","$0 - $1,000",Definitely not,4988,2024-07-07T07:53:09Z,121,2024-07-07T07:52:32Z,35,"1, 2","2, 3",Yes,Tesla,6,2024-07-07T07:55:10Z,78,NA,1975,Male,No,White,4,"Employed, working 40 or more hours per week.",Prefer not to answer,Some college - but less than two years of college,Single family house not attached to any other house,2,$0 - $100,2,independent,49,7.366666666666666
2024-07-09T11:39:30Z,68.11.30.124,99,honda,70043,2024-07-09T06:41:13Z,124.00000000000001,New,No,"$15,000 - $19,999",Paid all cash/ No loan,30 - 40 mpg,once a week,Gasoline,Driveway/ Carport,No,4-5 times a week,About once a week,About once a month,Less than once a month or never,Less than once a month or never,3-5 years into the future,"Small Sedan, Compact SUV, Pick-up truck",Both,Purchase,"$15,000 - $19,999, $20,000 - $24,999","$20,000 or more",Probably not,3887,2024-07-09T06:46:19Z,229,2024-07-09T06:43:17Z,182,"1, 2","2, 3",Yes,Nissan Leaf,6,2024-07-09T06:50:09Z,530,"Crash test safety ratings are more important to me than make/model for any car.

I think electric/hybrid cars are unpopular in my region for 3 big reasons: liberal association, patchy charging infrastructure, and concerns about hurricanes (prolonged power outages, trying to evacuate, etc).",1988,Female,No,White,1,"Employed, working 40 or more hours per week.","$30,000 to less than $40,000",College graduate/bachelor's degree/B.A./B.S.,Single family house not attached to any other house,2,$0 - $100,4,democratic,36,19.4
2024-07-10T08:44:35Z,172.58.231.203,74,dodge,10453,2024-07-10T03:45:50Z,155,New,No,"$50,000 - $59,999",Paid all cash/ No loan,10 - 20 mpg,once a week,Gasoline,Driveway/ Carport,No,4-5 times a week,Less than once a month or never,Less than once a month or never,Less than once a month or never,About once a month,10+ years into the future,Large SUV,New,Purchase,"$50,000 - $59,999","$10,000 - $11,000",Definitely not,4461,2024-07-10T03:49:19Z,149,2024-07-10T03:48:26Z,53,"1, 2","2, 3",Yes,Tesla lucid,6,2024-07-10T03:51:49Z,115,NA,1981,Male,Yes,Black or African American,4,"Employed, working 40 or more hours per week.","$175,000 to less than $200,000",Some college - two years or more/A.A. degree,"Single family house attached to one or more houses (townhouse, rowhome, condo, duplex, triplex, etc.)",2,$100 - $200,2,prefer_not_say,43,9.1
2024-07-10T09:11:23Z,174.214.51.138,54,jeep,26181,2024-07-10T04:12:18Z,186,New,Yes,"$50,000 - $59,999",$500 - $600,20 - 30 mpg,once a week,"Gasoline, Plug-in Hybrid",Driveway/ Carport,No,Once a day or more,Less than once a month or never,Less than once a month or never,Less than once a month or never,Less than once a month or never,Within 1 year,Large SUV,New,Lease,"$60,000 - $69,999","$9,000 - $10,000",Definitely Yes,973,2024-07-10T04:16:22Z,166,2024-07-10T04:15:24Z,58,"1, 2","2, 3",Yes,Keep wagoneer s,4,2024-07-10T04:19:08Z,99,NA,1966,Male,No,White,2,"Employed, working 40 or more hours per week.","$200,000 to less than $250,000",Technical or trade school,Single family house not attached to any other house,1,$100 - $200,3,democratic,58,9.383333333333333
2024-07-10T09:17:05Z,67.234.22.213,117,honda,24236,2024-07-10T04:19:02Z,272,New,No,"$25,000 - $29,999",Paid all cash/ No loan,20 - 30 mpg,once a month,Gasoline,Driveway/ Carport,No,2-3 times a week,Less than once a month or never,Less than once a month or never,Less than once a month or never,Less than once a month or never,3-5 years into the future,Small Sedan,New,Purchase,"$45,000 - $49,999","$0 - $1,000",Probably not,4997,2024-07-10T04:25:08Z,231,2024-07-10T04:23:34Z,94,"1, 2","1, 2",Yes,Tesla,6,2024-07-10T04:28:59Z,147,NA,1932,Male,No,White,1,Retired.,"$60,000 to less than $75,000",Master's degree,Single family house not attached to any other house,1,$100 - $200,3,independent,92,14.35
2024-07-11T01:30:45Z,170.249.137.134,334,honda,36527,2024-07-10T20:36:20Z,118,Used car from a dealer,No,"$15,000 - $19,999",$200 - $300,30 - 40 mpg,once a week,Gasoline,Driveway/ Carport,No,Less than once a month or never,Less than once a month or never,Less than once a month or never,About once a month,Less than once a month or never,Within 1 year,Compact SUV,Both,Purchase,"$25,000 - $29,999","$5,000 - $6,000",Probably not,4919,2024-07-10T20:39:00Z,116,2024-07-10T20:38:19Z,41,2,"2, 3",Yes,Tesla,6,2024-07-10T20:40:56Z,75,NA,1988,Female,No,White,4,"Employed, working 40 or more hours per week.","$100,000 to less than $125,000",College graduate/bachelor's degree/B.A./B.S.,Single family house not attached to any other house,1,$100 - $200,3,republican,36,11.4
2024-07-11T04:15:22Z,174.238.54.128,37,toyota,46044,2024-07-10T23:16:00Z,110,Used car informally,No,"$4,999 or less",Paid all cash/ No loan,50 - 60 mpg,once a week,Hybrid,Driveway/ Carport,No,Once a day or more,Less than once a month or never,About once a month,Less than once a month or never,Less than once a month or never,10+ years into the future,Small Sedan,Used,Purchase,"$4,999 or less, $5,000 - $9999","$0 - $1,000",Maybe/ Not sure,1098,2024-07-10T23:18:41Z,183,2024-07-10T23:17:50Z,51,"1, 2","2, 3",Yes,Ford Maverick,6,2024-07-10T23:21:44Z,87,Domestic vehicles suck,1983,Male,No,White,3,"Employed, working 40 or more hours per week.","$50,000 to less than $60,000",Some college - but less than two years of college,Single family house not attached to any other house,2,$100 - $200,7,democratic,41,7.8
2024-07-11T05:30:03Z,172.58.0.242,53,lincoln,30342,2024-07-11T00:30:55Z,200,Used car from a dealer,No,"$10,000 - $14,999",$200 - $300,10 - 20 mpg,once a week,Gasoline,Shared parking lot,Yes,Once a day or more,About once a week,About once a month,Less than once a month or never,Less than once a month or never,3-5 years into the future,"Sports Car, Compact SUV, Large SUV, Pick-up truck",Used,Purchase,"$4,999 or less, $5,000 - $9999, $10,000 - $14,999, $15,000 - $19,999","$1,000 - $2,000",Definitely Yes,2365,2024-07-11T00:34:50Z,479,2024-07-11T00:34:14Z,37,"1, 2","2, 3",Yes,Mustang Mach-E,6,2024-07-11T00:42:48Z,191,Current housing of MFH condo will NOT make a pure EV feasible. 40+ year old property that there is no realistic way to setup chargers at home location.,1981,Male,Yes,White,4,"Employed, working 40 or more hours per week.","$75,000 to less than $100,000",College graduate/bachelor's degree/B.A./B.S.,Building with 5-19 apartments/condos/studios,1,$100 - $200,2,republican,43,16
2024-07-11T13:47:36Z,50.115.251.199,80,honda,72450,2024-07-11T08:48:56Z,150,Used car informally,No,"$4,999 or less",Paid all cash/ No loan,20 - 30 mpg,once in 2 weeks,Gasoline,"Driveway/ Carport, Prefer not to say",No,4-5 times a week,Less than once a month or never,Less than once a month or never,Less than once a month or never,Less than once a month or never,3-5 years into the future,Van,Used,Purchase,"$4,999 or less","$0 - $1,000",Maybe/ Not sure,871,2024-07-11T08:52:17Z,218,2024-07-11T08:51:26Z,51,1,"2, 3",Yes,Tesla,5,2024-07-11T08:55:56Z,94,NA,1960,Male,No,White,2,Retired.,"$15,000 to less than $30,000",College graduate/bachelor's degree/B.A./B.S.,Single family house not attached to any other house,2,$100 - $200,5,democratic,64,9.883333333333333
2024-07-11T18:31:41Z,50.4.196.98,62,gmc,48043,2024-07-11T13:32:44Z,183,Used car from a dealer,No,"$25,000 - $29,999",$200 - $300,not applicable,once a week,Gasoline,"Driveway/ Carport, Single-family garage",No,Once a day or more,Less than once a month or never,Less than once a month or never,Less than once a month or never,Less than once a month or never,1-2 years into the future,Compact SUV,Used,Purchase,"$30,000 - $34,999","$20,000 or more",Definitely not,4841,2024-07-11T13:37:02Z,152,2024-07-11T13:35:47Z,75,"1, 2","2, 3",Yes,Hummer,6,2024-07-11T13:39:34Z,92,NA,1967,Female,No,White,2,"Employed, working 40 or more hours per week.","$200,000 to less than $250,000",High school degree or equivalent (e.g. GED),Single family house not attached to any other house,1,$0 - $100,2,republican,57,9.4
2024-07-12T00:28:04Z,70.165.50.90,55,toyota,90631,2024-07-11T19:29:00Z,176,Used car from a dealer,No,"$20,000 - $24,999",Paid all cash/ No loan,60 mpg and above,once in 2 weeks,Gasoline,Driveway/ Carport,I'm not sure,2-3 times a week,Less than once a month or never,Less than once a month or never,Less than once a month or never,Less than once a month or never,3-5 years into the future,"Large Sedan, Large SUV",Used,Purchase,"$25,000 - $29,999","$20,000 or more",Maybe/ Not sure,3684,2024-07-11T19:33:20Z,213,2024-07-11T19:31:56Z,83,"1, 2","2, 3",Yes,Tesla,6,2024-07-11T19:36:54Z,84,NA,1974,Male,No,Asian,4,"Employed, working 40 or more hours per week.","$125,000 to less than $150,000",Master's degree,Single family house not attached to any other house,1,$100 - $200,2,independent,50,10.183333333333334
2024-07-12T01:45:38Z,184.83.92.163,41,mazda,57110,2024-07-11T20:46:19Z,91,Used car from a dealer,No,"$5,000 - $9999",Paid all cash/ No loan,20 - 30 mpg,three times a week,Gasoline,"Street Parking, Driveway/ Carport, Single-family garage",No,Once a day or more,About once a month,About once a week,Less than once a month or never,Less than once a month or never,3-5 years into the future,"Small Sedan, Large Sedan, Sports Car",Used,Purchase,"$10,000 - $14,999","$10,000 - $11,000",Definitely Yes,4917,2024-07-11T20:48:08Z,175,2024-07-11T20:47:50Z,18,"1, 2","2, 3",Yes,Tesla,4,2024-07-11T20:51:03Z,224,"You should change the Name an electric car? question. My computer keeps wanting to change MY name to Tesla in my settings when I answer that question for you. Now I have to change my settings, not pleasant.",1973,Male,No,American Indian or Alaskan Native,2,"Employed, working 40 or more hours per week.","$50,000 to less than $60,000",Some college - but less than two years of college,Single family house not attached to any other house,2,$0 - $100,7,independent,51,9.15
2024-07-12T03:46:03Z,104.189.142.214,126,ford,32583,2024-07-11T22:48:09Z,195,Used car informally,No,"$4,999 or less",Paid all cash/ No loan,10 - 20 mpg,once a month,Gasoline,"Driveway/ Carport, Single-family garage",I'm not sure,2-3 times a week,Less than once a month or never,About once a month,Less than once a month or never,Less than once a month or never,6-9 years into the future,Compact SUV,Used,Purchase,"$15,000 - $19,999","$4,000 - $5,000",Probably not,2993,2024-07-11T22:52:19Z,152,2024-07-11T22:51:24Z,55,"1, 2","2, 3",Yes,Tesla,6,2024-07-11T22:54:51Z,140,NA,1964,Male,No,White,1,"Employed, working 40 or more hours per week.","$75,000 to less than $100,000",Some college - but less than two years of college,Single family house not attached to any other house,1,$100 - $200,2,independent,60,11.133333333333333
2024-07-03T02:29:49Z,100.19.39.162,23,audi,19103,2024-07-02T21:30:13Z,59,New,No,"$30,000 - $34,999",$400 - $500,20 - 30 mpg,once a month,Gasoline,Shared parking lot,I'm not sure,About once a month,Less than once a month or never,About once a week,Less than once a month or never,About once a month,3-5 years into the future,"Sports Car, Compact SUV",Both,I'm not sure,"$40,000 - $44,999, $45,000 - $49,999","$12,000 - $13,000",Maybe/ Not sure,3828,2024-07-02T21:31:38Z,37,2024-07-02T21:31:12Z,26,"1, 2","2, 3",Yes,test-Zain,6,2024-07-02T21:32:15Z,43,Test - Zain,1987,Male,No,"Asian, Black or African American, Middle Eastern and North African (MENA)",4,"Employed, working 40 or more hours per week.","$60,000 to less than $75,000",M.B.A. or law degree,Building with 2-4 apartments/condos/studios,2,$0 - $100,2,democratic,37,3.1333333333333333
2024-07-03T07:18:07Z,47.36.78.194,77,chevrolet,89423,2024-07-03T02:19:25Z,215,Used car from a dealer,No,"$10,000 - $14,999",$200 - $300,10 - 20 mpg,once in 2 weeks,Gasoline,Shared parking garage,No,2-3 times a week,Less than once a month or never,Less than once a month or never,Less than once a month or never,Less than once a month or never,3-5 years into the future,Pick-up truck,New,Purchase,"$30,000 - $34,999","$6,000 - $7,000",Definitely not,4253,2024-07-03T02:23:52Z,185,2024-07-03T02:23:00Z,52,1,2,No,NA,6,2024-07-03T02:26:57Z,122,NA,1948,Male,No,White,2,Retired.,"$75,000 to less than $100,000",College graduate/bachelor's degree/B.A./B.S.,Single family house not attached to any other house,1,$100 - $200,1,republican,76,10.85
2024-07-03T08:53:48Z,162.217.52.141,121,dodge,23692,2024-07-03T03:55:49Z,367,New,No,"$20,000 - $24,999",$300 - $400,30 - 40 mpg,once a week,Gasoline,Driveway/ Carport,No,4-5 times a week,Less than once a month or never,Less than once a month or never,Less than once a month or never,Less than once a month or never,1-2 years into the future,Do not know,Used,Purchase,"$15,000 - $19,999","$4,000 - $5,000",Definitely not,3573,2024-07-03T04:04:22Z,392,2024-07-03T04:01:56Z,146,"1, 2","1, 2, 3",Yes,Tesla,6,2024-07-03T04:10:54Z,178,NA,1945,Male,No,White,2,Retired.,"$125,000 to less than $150,000",College graduate/bachelor's degree/B.A./B.S.,Single family house not attached to any other house,1,$100 - $200,2,republican,79,20.066666666666666
2024-07-03T09:16:08Z,172.221.30.9,301,ford,89429,2024-07-03T04:21:10Z,224,Used car informally,No,"$5,000 - $9999",Paid all cash/ No loan,10 - 20 mpg,twice a week,Gasoline,Driveway/ Carport,No,Less than once a month or never,Less than once a month or never,Less than once a month or never,Less than once a month or never,Less than once a month or never,10+ years into the future,Pick-up truck,Used,Purchase,"$10,000 - $14,999","$0 - $1,000",Definitely not,695,2024-07-03T04:26:09Z,235,2024-07-03T04:24:54Z,74,1,"2, 3",Yes,Tesla,6,2024-07-03T04:30:04Z,413,NA,1948,Male,No,White,1,Retired.,"$30,000 to less than $40,000",Some college - two years or more/A.A. degree,Single family house not attached to any other house,1,$100 - $200,2,republican,76,20.783333333333335
2024-07-03T09:34:39Z,47.17.73.110,104,bmw,85718,2024-07-03T04:36:23Z,250,New,No,"$40,000 - $44,999",$700 - $800,20 - 30 mpg,once in 2 weeks,Gasoline,Single-family garage,Yes,Once a day or more,About once a week,Less than once a month or never,Less than once a month or never,Less than once a month or never,Within 1 year,"Small Sedan, Compact SUV",New,I'm not sure,"$45,000 - $49,999",I'm not sure,Probably not,1683,2024-07-03T04:41:43Z,242,2024-07-03T04:40:33Z,69,"1, 2","2, 3",Yes,Tesla,6,2024-07-03T04:45:45Z,165,I never buy used cars.,1961,Male,No,White,2,Retired.,"$125,000 to less than $150,000",Some college - two years or more/A.A. degree,"Single family house attached to one or more houses (townhouse, rowhome, condo, duplex, triplex, etc.)",1,$100 - $200,3,independent,63,13.833333333333334
2024-07-03T09:40:20Z,108.48.99.152,1115,chevrolet,20707,2024-07-03T04:58:55Z,208,Used car from a dealer,No,"$10,000 - $14,999",Paid all cash/ No loan,not applicable,once in 2 weeks,"Hybrid, Electric","Street Parking, Driveway/ Carport, Single-family garage",Yes,4-5 times a week,Less than once a month or never,Less than once a month or never,Less than once a month or never,Less than once a month or never,I'm not sure,Do not know,Both,Purchase,I'm not sure,I'm not sure,Definitely Yes,3906,2024-07-03T05:03:15Z,175,2024-07-03T05:02:23Z,52,"1, 2","2, 3",Yes,Chevrolet Bolt EV,4,2024-07-03T05:06:11Z,94,nope,1969,Male,No,White,2,Prefer not to answer,Prefer not to answer,Some college - but less than two years of college,Single family house not attached to any other house,1,$200 - $300,5,democratic,55,27.4
2024-07-03T10:26:37Z,72.80.52.154,48,kia,11366,2024-07-03T05:27:26Z,168,New,No,"$20,000 - $24,999",$300 - $400,40 - 50 mpg,once a month,Hybrid,Driveway/ Carport,I'm not sure,2-3 times a week,Less than once a month or never,About once a week,Less than once a month or never,Less than once a month or never,3-5 years into the future,Compact SUV,New,Purchase,"$25,000 - $29,999","$9,000 - $10,000",Probably Yes,204,2024-07-03T05:30:56Z,126,2024-07-03T05:30:14Z,41,"1, 2","2, 3",No,NA,6,2024-07-03T05:33:03Z,78,NA,1942,Male,No,White,2,Retired.,"$75,000 to less than $100,000",Some college - two years or more/A.A. degree,"Single family house attached to one or more houses (townhouse, rowhome, condo, duplex, triplex, etc.)",1,$100 - $200,2,independent,82,7.683333333333334
2024-07-03T10:59:31Z,197.250.224.244,1446,bmw,10004,2024-07-03T06:23:38Z,95,Via move-in with someone who has a car,Yes,"$30,000 - $34,999",$600 - $700,30 - 40 mpg,twice a week,Electric,"Single-family garage, Shared parking garage, Shared parking lot",Yes,2-3 times a week,4-5 times a week,About once a week,4-5 times a week,2-3 times a week,3-5 years into the future,"Large Sedan, Sports Car, Large SUV",Used,Lease,"$25,000 - $29,999, $35,000 - $39,999","$3,000 - $4,000",Definitely Yes,3450,2024-07-03T06:25:44Z,76,2024-07-03T06:25:13Z,30,"1, 2","1, 2",No,NA,3,2024-07-03T06:27:01Z,107,Nil,2000,Male,Yes,Black or African American,2,"Employed, working 1-39 hours per week.","$50,000 to less than $60,000",College graduate/bachelor's degree/B.A./B.S.,Building with 2-4 apartments/condos/studios,2,$200 - $300,4,republican,24,29.233333333333334
2024-07-03T15:15:14Z,212.102.61.151,191,chevrolet,33014,2024-07-03T10:18:26Z,384,New,Yes,"$25,000 - $29,999",Paid all cash/ No loan,40 - 50 mpg,once in 2 weeks,"Hybrid, Electric","Street Parking, Single-family garage, Shared parking garage",Yes,Once a day or more,2-3 times a week,2-3 times a week,Less than once a month or never,About once a month,3-5 years into the future,"Small Sedan, Sports Car, Large SUV",New,Purchase,"$60,000 - $69,999, $80,000 - $89,999",$17000 - $18000,Probably Yes,1472,2024-07-03T10:26:06Z,139,2024-07-03T10:24:51Z,74,"1, 3","1, 3",No,NA,5,2024-07-03T10:28:25Z,224,"I like the survey, 
clear questonare and well arranged",1996,Male,Yes,White,4,"Employed, working 40 or more hours per week.","$125,000 to less than $150,000",College graduate/bachelor's degree/B.A./B.S.,Building with 5-19 apartments/condos/studios,2,$200 - $300,3,independent,28,16.866666666666667
2024-07-04T05:44:21Z,75.100.63.101,69,toyota,04942,2024-07-04T00:45:29Z,179,Used car from a dealer,No,"$15,000 - $19,999",Paid all cash/ No loan,30 - 40 mpg,once in 2 weeks,Gasoline,Single-family garage,No,Less than once a month or never,Less than once a month or never,Less than once a month or never,Less than once a month or never,Less than once a month or never,3-5 years into the future,Small Sedan,New,Purchase,"$25,000 - $29,999","$5,000 - $6,000",Definitely not,2337,2024-07-04T00:49:10Z,193,2024-07-04T00:48:26Z,46,"1, 2","2, 3",Yes,Tesla,6,2024-07-04T00:52:22Z,98,NA,1962,Male,No,White,1,"Disabled, not able to work.","$15,000 to less than $30,000",Some college - but less than two years of college,Single family house not attached to any other house,1,$0 - $100,1,republican,62,9.75
2024-07-04T06:42:15Z,24.59.92.124,84,toyota,13078,2024-07-04T01:43:40Z,255,Used car informally,No,"$4,999 or less",Paid all cash/ No loan,30 - 40 mpg,once a week,"Gasoline, Other:","Driveway/ Carport, Single-family garage",No,Once a day or more,Less than once a month or never,4-5 times a week,Less than once a month or never,Less than once a month or never,1-2 years into the future,"Small Sedan, Sports Car, Compact SUV, Pick-up truck",Used,Purchase,"$15,000 - $19,999","$0 - $1,000",Definitely not,3078,2024-07-04T01:48:36Z,141,2024-07-04T01:47:55Z,41,"1, 2","2, 3",Yes,Tesla,6,2024-07-04T01:50:58Z,97,NA,1984,Male,No,White,2,"Employed, working 40 or more hours per week.","$125,000 to less than $150,000",High school degree or equivalent (e.g. GED),Single family house not attached to any other house,1,$0 - $100,7,republican,40,10.3
2024-07-08T19:08:53Z,65.38.150.10,89,toyota,81122,2024-07-08T14:10:22Z,141,Received as a gift,No,"$4,999 or less",Paid all cash/ No loan,20 - 30 mpg,once a week,Gasoline,Driveway/ Carport,No,4-5 times a week,Less than once a month or never,About once a week,Less than once a month or never,Less than once a month or never,Within 1 year,Pick-up truck,Used,Purchase,"$15,000 - $19,999","$5,000 - $6,000",Definitely not,98,2024-07-08T14:13:42Z,155,2024-07-08T14:12:43Z,59,"1, 2","2, 3",Yes,Rivian,6,2024-07-08T14:16:17Z,79,NA,1972,Male,No,White,3,"Employed, working 40 or more hours per week.","$175,000 to less than $200,000",Some college - two years or more/A.A. degree,Single family house not attached to any other house,2,$100 - $200,4,democratic,52,8.716666666666667
2024-07-08T19:37:00Z,70.185.115.89,89,hyundai,32608,2024-07-08T14:38:29Z,146,Used car from a dealer,No,"$15,000 - $19,999",Paid all cash/ No loan,30 - 40 mpg,once a month,Gasoline,Driveway/ Carport,I'm not sure,About once a week,Less than once a month or never,Once a day or more,Less than once a month or never,4-5 times a week,6-9 years into the future,Small Sedan,Used,Purchase,"$20,000 - $24,999",I'm not sure,Probably not,940,2024-07-08T14:41:38Z,171,2024-07-08T14:40:55Z,43,"1, 2","1, 2, 3",Yes,Tesla,6,2024-07-08T14:44:29Z,204,"Some kind of question(s) to determine how much people know about how quickly the value of a vehicle goes down after purchase; gets to the decision on whether to buy used or new.  Buying slightly used gets you much more for your money.
Also the question about how we vote should have an option for ""I don't vote.""",1967,Male,No,White,2,"Employed, working 1-39 hours per week.","$60,000 to less than $75,000",College graduate/bachelor's degree/B.A./B.S.,"Single family house attached to one or more houses (townhouse, rowhome, condo, duplex, triplex, etc.)",1,$100 - $200,5,independent,57,10.883333333333333
2024-07-09T07:20:36Z,207.32.196.219,75,toyota,98926,2024-07-09T02:21:51Z,132,Received as a gift,No,"$4,999 or less",Paid all cash/ No loan,10 - 20 mpg,once in 2 weeks,Gasoline,"Driveway/ Carport, Single-family garage",No,2-3 times a week,Less than once a month or never,Less than once a month or never,About once a month,Less than once a month or never,3-5 years into the future,Compact SUV,Used,Purchase,"$45,000 - $49,999","$20,000 or more",Maybe/ Not sure,4572,2024-07-09T02:24:50Z,113,2024-07-09T02:24:03Z,47,"1, 2","2, 3",Yes,Tesla,4,2024-07-09T02:26:43Z,615,"Why the Latino origin questions?  Why the political questions?  

Look - Electric cars cost way more per mile to drive than a comparable gas vehicle.  Throw in the fact that mass-adoption of electric vehicles is going to wipe out most electric grids because they cant take the drain.

They cannot be parked indoors because they can burst into flames.  They have to be handled carefully after an accident because they can burst into flames and often do.  They require thousands of tons of materials be mined out looking for Lithium.  Just because the supply chain isnt within your purview doesnt make it clean.  

This administration has tried to build public charging facilities to no avail after spending millions to build a handfull of facilities.

Electric cars are difficult and expensive to maintain and taking one off the beaten path where this expertise resides can lead to long-distance towing problems.

Ill do a plug in Hybrid - but I will never do full electric.",1968,Male,No,White,3,Prefer not to answer,Prefer not to answer,College graduate/bachelor's degree/B.A./B.S.,Single family house not attached to any other house,1,$300 - $400,2,republican,56,16.366666666666667
2024-07-10T07:04:00Z,24.97.77.166,49,volvo,12204,2024-07-10T02:04:49Z,151,Used car from a dealer,No,"$25,000 - $29,999",$1000 or more,20 - 30 mpg,once in 2 weeks,Gasoline,Single-family garage,No,2-3 times a week,Less than once a month or never,2-3 times a week,Less than once a month or never,Less than once a month or never,1-2 years into the future,Van,Both,Purchase,"$20,000 - $24,999","$20,000 or more",Definitely Yes,4679,2024-07-10T02:07:59Z,168,2024-07-10T02:07:20Z,39,"1, 2","2, 3",Yes,Tesla,3,2024-07-10T02:10:47Z,72,NA,1969,Male,No,White,2,"Employed, working 40 or more hours per week.","$250,000 or more",Master's degree,Single family house not attached to any other house,1,$200 - $300,3,independent,55,7.983333333333333
2024-07-10T09:01:29Z,47.45.103.142,84,toyota,96001,2024-07-10T04:02:54Z,189,Used car from a dealer,No,"$45,000 - $49,999",$600 - $700,10 - 20 mpg,once a week,"Gasoline, Other:","Shared parking garage, Other:",No,Less than once a month or never,Less than once a month or never,2-3 times a week,Less than once a month or never,Less than once a month or never,Within 1 year,Compact SUV,Used,Purchase,"$5,000 - $9999","$6,000 - $7,000",Definitely not,2140,2024-07-10T04:07:01Z,131,2024-07-10T04:06:03Z,58,1,"2, 3",Yes,Tesla,6,2024-07-10T04:09:12Z,200,"You asked a lot of questions that have nothing to do with vehicle ownership. None were any of your business, so I marked prefer not to say.",1965,Prefer not to answer,No,Do not know/prefer not to answer,2,Prefer not to answer,Prefer not to answer,Some college - but less than two years of college,Single family house not attached to any other house,1,$200 - $300,6,prefer_not_say,59,11.033333333333333
2024-07-10T11:09:00Z,99.28.99.146,63,honda,74136,2024-07-10T06:10:04Z,127,New,No,"$40,000 - $44,999",$1000 or more,20 - 30 mpg,once in 2 weeks,Gasoline,Driveway/ Carport,Yes,Once a day or more,Less than once a month or never,Less than once a month or never,Less than once a month or never,Less than once a month or never,3-5 years into the future,Compact SUV,Both,Purchase,"$40,000 - $44,999","$4,000 - $5,000",Probably not,344,2024-07-10T06:13:42Z,124,2024-07-10T06:12:11Z,90,1,"2, 3",Yes,Tesla,4,2024-07-10T06:15:47Z,80,Easy survey,1968,Male,No,White,More than 5,"Employed, working 40 or more hours per week.","$100,000 to less than $125,000",College graduate/bachelor's degree/B.A./B.S.,Single family house not attached to any other house,2,$200 - $300,3,republican,56,8.066666666666666
2024-07-10T20:57:01Z,75.174.47.215,48,dodge,83703,2024-07-10T15:57:50Z,255,Used car from a dealer,No,"$10,000 - $14,999",Paid all cash/ No loan,10 - 20 mpg,once in 2 weeks,Gasoline,"Driveway/ Carport, Single-family garage, Other:",I'm not sure,Once a day or more,Less than once a month or never,Less than once a month or never,Less than once a month or never,Less than once a month or never,I'm not sure,"Small Sedan, Large Sedan, Sports Car",Used,Purchase,I'm not sure,I'm not sure,Probably Yes,3238,2024-07-10T16:03:11Z,249,2024-07-10T16:02:05Z,66,"1, 2","2, 3",Yes,Lucid,6,2024-07-10T16:07:20Z,133,NA,1972,Male,No,Do not know/prefer not to answer,1,"Employed, working 40 or more hours per week.","$75,000 to less than $100,000",College graduate/bachelor's degree/B.A./B.S.,Building with 5-19 apartments/condos/studios,2,$0 - $100,4,independent,52,12.516666666666667
2024-07-10T21:04:03Z,76.36.130.16,42,honda,29154,2024-07-10T16:04:45Z,108,Used car informally,No,"$4,999 or less",Paid all cash/ No loan,60 mpg and above,once a month,"Gasoline, Hybrid","Driveway/ Carport, Single-family garage",No,Once a day or more,About once a week,About once a month,Less than once a month or never,Less than once a month or never,10+ years into the future,"Small Sedan, Sports Car",Used,Purchase,"$15,000 - $19,999, $20,000 - $24,999, $25,000 - $29,999, $30,000 - $34,999, $35,000 - $39,999, $40,000 - $44,999, $45,000 - $49,999, $50,000 - $59,999","$20,000 or more",Probably not,2321,2024-07-10T16:07:26Z,149,2024-07-10T16:06:34Z,52,"1, 2","2, 3",Yes,"Chevy spark, Nissan leaf",6,2024-07-10T16:09:55Z,274,"I will never finance a vehicle again. I did once, and it was a horrid mistake.",1993,Male,No,White,1,"Employed, working 40 or more hours per week.","$50,000 to less than $60,000",Technical or trade school,Single family house not attached to any other house,1,$200 - $300,3,independent,31,10.416666666666666
2024-07-11T01:02:24Z,172.59.169.25,24744,jeep,63125,2024-07-11T02:54:49Z,242,New,No,"$70,000 - $79,999",$600 - $700,10 - 20 mpg,once a month,Other:,"Street Parking, Driveway/ Carport, Single-family garage",No,Once a day or more,About once a month,Less than once a month or never,About once a month,Less than once a month or never,10+ years into the future,Sports Car,Both,Purchase,"$4,999 or less, $5,000 - $9999, $10,000 - $14,999, $15,000 - $19,999, $20,000 - $24,999, $25,000 - $29,999, $30,000 - $34,999",I'm not sure,Probably Yes,1839,2024-07-11T02:59:53Z,171,2024-07-11T02:58:51Z,62,"1, 2","2, 3",Yes,Rivian r1t,2,2024-07-11T03:02:44Z,93,NA,1993,Male,No,White,1,"Employed, working 40 or more hours per week.","$60,000 to less than $75,000",Some college - two years or more/A.A. degree,Single family house not attached to any other house,1,$0 - $100,4,democratic,31,421.8666666666667
2024-07-11T08:52:57Z,75.58.24.210,102,nissan,60018,2024-07-11T03:54:39Z,187,New,No,"$30,000 - $34,999",$200 - $300,10 - 20 mpg,once in 2 weeks,Gasoline,"Street Parking, Driveway/ Carport, Single-family garage",I'm not sure,Once a day or more,About once a month,Less than once a month or never,Less than once a month or never,Less than once a month or never,3-5 years into the future,"Small Sedan, Large Sedan, Compact SUV, Large SUV",New,Purchase,I'm not sure,I'm not sure,Probably Yes,3845,2024-07-11T03:58:42Z,157,2024-07-11T03:57:46Z,56,"1, 2","2, 3",Yes,Ford Mustang Mach E,6,2024-07-11T04:01:19Z,205,"You have assumed taking out a loan to purchase my next car that is incorrect, I also do not have a car payment but was forced to select an answer that I did. This could skew your results.",1990,Male,No,White,1,"Employed, working 40 or more hours per week.","$75,000 to less than $100,000",College graduate/bachelor's degree/B.A./B.S.,Single family house not attached to any other house,1,$0 - $100,6,prefer_not_say,34,11.783333333333333
2024-07-07T03:39:31Z,107.201.76.169,52,hyundai,48069,2024-07-06T22:40:23Z,187,Used car informally,No,"$15,000 - $19,999",Paid all cash/ No loan,60 mpg and above,once in 2 weeks,"Gasoline, Hybrid","Street Parking, Driveway/ Carport",I'm not sure,Once a day or more,About once a week,About once a month,Less than once a month or never,Less than once a month or never,6-9 years into the future,"Small Sedan, Large Sedan, Compact SUV, Pick-up truck",Used,Purchase,"$15,000 - $19,999","$9,000 - $10,000",Probably Yes,2413,2024-07-06T22:44:06Z,150,2024-07-06T22:43:30Z,36,"1, 2","2, 3",Yes,Chevy Bolt,4,2024-07-06T22:46:36Z,98,NA,1968,Male,No,White,4,"Employed, working 40 or more hours per week.","$150,000 to less than $175,000",Master's degree,Single family house not attached to any other house,1,$100 - $200,4,democratic,56,8.716666666666667
2024-07-07T11:56:28Z,75.139.218.241,51,chevrolet,99337,2024-07-07T06:57:20Z,125,Used car informally,No,"$20,000 - $24,999",Paid all cash/ No loan,10 - 20 mpg,twice a week,"Gasoline, Other:","Driveway/ Carport, Single-family garage",No,Once a day or more,Less than once a month or never,Less than once a month or never,Less than once a month or never,Less than once a month or never,1-2 years into the future,"Large SUV, Pick-up truck",Used,Purchase,"$25,000 - $29,999, $30,000 - $34,999","$20,000 or more",Definitely not,2164,2024-07-07T06:59:58Z,120,2024-07-07T06:59:25Z,33,"1, 2","2, 3",Yes,Tesla,6,2024-07-07T07:01:58Z,67,NA,1991,Male,No,White,2,"Employed, working 40 or more hours per week.","$125,000 to less than $150,000",High school degree or equivalent (e.g. GED),Single family house not attached to any other house,1,$100 - $200,2,republican,33,6.6
2024-07-07T12:37:17Z,76.144.5.187,142,toyota,97321,2024-07-07T07:39:40Z,210,Used car informally,No,"$5,000 - $9999",Paid all cash/ No loan,30 - 40 mpg,once a week,Gasoline,Street Parking,Yes,2-3 times a week,About once a week,About once a month,Less than once a month or never,Less than once a month or never,1-2 years into the future,Compact SUV,Both,Purchase,"$20,000 - $24,999","$20,000 or more",Maybe/ Not sure,700,2024-07-07T07:49:41Z,156,2024-07-07T07:43:10Z,390,"1, 2","2, 3",Yes,"Seriously, you really need to quize this? You really expect Americans do be as dumb as say the average american? Sigh. Chevy Volt, Bolt EV, Spark EV; Ford F150 Lightning, Mustang Electric, Ford Fkn Ranger Electric (yes it was a thing probably before the student assitants were born, you can wikipeida it); Tesla Model S, Y, cyber dumpster, wait I mean Cypertruck that only looks like a dumpster, Nissan Leaf etc etc.",4,2024-07-07T07:52:17Z,367,"This survey really does not capture the thought process of owning a vehicle. I do total cost of ownership (upfront purchase cost, estimated lifetime maintainence cost) fuel cost, etc. Nor does it capture the usage model very well. First and foremost can I camp in in? Currently causally looking at the hatchback market, but that wasn't even an bullet point selection option. Do the rear seats fold flat? What is the ground clearance (although normally I use the pickup truck as an actual pickup truck when I need to do that).",1972,Male,No,White,1,"Employed, working 40 or more hours per week.","$100,000 to less than $125,000",College graduate/bachelor's degree/B.A./B.S.,Single family house not attached to any other house,1,$0 - $100,4,democratic,52,21.083333333333332
2024-07-07T13:26:36Z,136.62.111.171,42,hyundai,78729,2024-07-07T08:27:18Z,122,New,No,"$25,000 - $29,999",$400 - $500,20 - 30 mpg,once in 2 weeks,Gasoline,Shared parking lot,Yes,4-5 times a week,About once a week,Less than once a month or never,Less than once a month or never,Less than once a month or never,1-2 years into the future,Pick-up truck,Both,Purchase,"$30,000 - $34,999","$5,000 - $6,000",Probably not,2496,2024-07-07T08:29:55Z,112,2024-07-07T08:29:20Z,34,"1, 2","2, 3",Yes,Tesla,4,2024-07-07T08:31:47Z,75,NA,1976,Male,Yes,White,1,"Employed, working 40 or more hours per week.","$30,000 to less than $40,000",College graduate/bachelor's degree/B.A./B.S.,"Single family house attached to one or more houses (townhouse, rowhome, condo, duplex, triplex, etc.)",1,$200 - $300,6,independent,48,6.416666666666667
2024-07-08T11:54:12Z,73.246.94.147,42,bmw,60622,2024-07-08T06:54:54Z,138,Used car from a dealer,No,"$15,000 - $19,999",Paid all cash/ No loan,20 - 30 mpg,once a month,Gasoline,Single-family garage,I'm not sure,Once a day or more,Less than once a month or never,Once a day or more,About once a month,About once a month,3-5 years into the future,"Small Sedan, Large Sedan, Sports Car, Compact SUV",Used,Purchase,"$30,000 - $34,999",I'm not sure,Maybe/ Not sure,4047,2024-07-08T06:58:02Z,120,2024-07-08T06:57:12Z,50,"1, 2","2, 3",Yes,Ford Mustang Mach E,4,2024-07-08T07:00:02Z,80,NA,1984,Male,No,White,3,"Employed, working 40 or more hours per week.","$150,000 to less than $175,000",M.B.A. or law degree,Single family house not attached to any other house,1,$200 - $300,4,democratic,40,7.166666666666667
2024-07-08T11:57:03Z,87.249.134.136,60,acura,97402,2024-07-08T06:58:03Z,174,Used car from a dealer,No,"$10,000 - $14,999",$500 - $600,20 - 30 mpg,twice a week,Gasoline,Driveway/ Carport,No,Once a day or more,About once a month,Less than once a month or never,Less than once a month or never,Less than once a month or never,1-2 years into the future,"Large Sedan, Compact SUV, Van",Used,Purchase,"$5,000 - $9999","$0 - $1,000",Maybe/ Not sure,218,2024-07-08T07:01:37Z,139,2024-07-08T07:00:58Z,39,"1, 2","2, 3",Yes,Tesla,6,2024-07-08T07:03:56Z,88,NA,1969,Male,No,"Asian, White",5,"Employed, working 40 or more hours per week.","$75,000 to less than $100,000",Some college - two years or more/A.A. degree,Single family house not attached to any other house,2,$200 - $300,3,independent,55,8.333333333333334
2024-07-09T07:32:20Z,168.75.202.224,75,ram,47501,2024-07-09T02:33:36Z,129,New,No,"$35,000 - $39,999",Paid all cash/ No loan,10 - 20 mpg,once a week,Gasoline,Single-family garage,No,Once a day or more,Less than once a month or never,Less than once a month or never,Less than once a month or never,Less than once a month or never,1-2 years into the future,Large SUV,New,Purchase,"$60,000 - $69,999","$0 - $1,000",Definitely not,2796,2024-07-09T02:36:18Z,140,2024-07-09T02:35:45Z,32,1,2,No,NA,6,2024-07-09T02:38:38Z,112,I will never ever buy an electric car so stop trying,1966,Male,No,White,3,"Employed, working 40 or more hours per week.","$75,000 to less than $100,000",Some college - two years or more/A.A. degree,Single family house not attached to any other house,1,$200 - $300,1,republican,58,8.133333333333333
2024-07-09T16:08:40Z,172.56.97.28,53,toyota,34667,2024-07-09T11:09:34Z,149,New,No,"$40,000 - $44,999",$400 - $500,40 - 50 mpg,once in 2 weeks,Hybrid,Driveway/ Carport,No,Less than once a month or never,Less than once a month or never,4-5 times a week,Less than once a month or never,Less than once a month or never,6-9 years into the future,Small Sedan,New,Purchase,"$40,000 - $44,999","$9,000 - $10,000",Definitely Yes,1629,2024-07-09T11:13:01Z,105,2024-07-09T11:12:03Z,58,"1, 2",2,Yes,Byd,4,2024-07-09T11:14:46Z,90,None,1959,Male,No,White,2,Retired.,"$100,000 to less than $125,000",College graduate/bachelor's degree/B.A./B.S.,Single family house not attached to any other house,1,$0 - $100,3,independent,65,7.583333333333333
2024-07-10T08:15:43Z,104.28.57.134,69,volvo,18651,2024-07-10T03:16:53Z,186,Used car from a dealer,No,"$40,000 - $44,999",$700 - $800,30 - 40 mpg,once a week,"Gasoline, Hybrid",Single-family garage,Yes,Once a day or more,Less than once a month or never,About once a week,Less than once a month or never,Less than once a month or never,3-5 years into the future,Do not know,Both,Purchase,"$45,000 - $49,999","$5,000 - $6,000",Probably Yes,2391,2024-07-10T03:20:39Z,126,2024-07-10T03:20:00Z,38,"1, 2","2, 3",Yes,Rivian,4,2024-07-10T03:22:46Z,90,NA,1978,Male,No,White,2,Retired.,"$100,000 to less than $125,000",College graduate/bachelor's degree/B.A./B.S.,Single family house not attached to any other house,1,$100 - $200,4,democratic,46,8.483333333333333
2024-07-10T09:08:18Z,72.218.137.197,50,ford,23323,2024-07-10T04:09:09Z,206,Used car from a dealer,No,"$10,000 - $14,999",Paid all cash/ No loan,20 - 30 mpg,once a week,"Gasoline, Hybrid",Driveway/ Carport,No,Once a day or more,About once a week,About once a month,Less than once a month or never,Less than once a month or never,3-5 years into the future,"Small Sedan, Large Sedan, Compact SUV, Large SUV, Van",Both,I'm not sure,"$10,000 - $14,999, $15,000 - $19,999, $20,000 - $24,999","$10,000 - $11,000",Definitely Yes,4801,2024-07-10T04:14:15Z,198,2024-07-10T04:12:35Z,100,"1, 2","2, 3",Yes,Chevrolet Volt,5,2024-07-10T04:17:33Z,73,NA,2003,Non-binary,No,White,4,I am a full-time student.,"$60,000 to less than $75,000",Some college - two years or more/A.A. degree,Single family house not attached to any other house,3,$100 - $200,5,independent,21,10.45
2024-07-10T13:00:28Z,174.206.96.101,86,ford,23294,2024-07-10T08:01:55Z,139,Used car from a dealer,No,"$4,999 or less",$200 - $300,10 - 20 mpg,once in 2 weeks,Gasoline,Street Parking,No,Once a day or more,Less than once a month or never,Less than once a month or never,Less than once a month or never,Less than once a month or never,6-9 years into the future,"Large Sedan, Compact SUV, Large SUV",Used,Purchase,I'm not sure,I'm not sure,Maybe/ Not sure,1883,2024-07-10T08:05:04Z,119,2024-07-10T08:04:14Z,49,"1, 2","2, 3",Yes,Tesla Model X,6,2024-07-10T08:07:03Z,587,NA,1997,Male,No,White,2,"Employed, working 40 or more hours per week.","$125,000 to less than $150,000",High school degree or equivalent (e.g. GED),Single family house not attached to any other house,2,$100 - $200,2,republican,27,16.333333333333332
2024-07-07T02:06:47Z,173.73.227.7,187,buick,20782,2024-07-06T21:09:54Z,95,Used car from a dealer,No,"$10,000 - $14,999",Paid all cash/ No loan,20 - 30 mpg,once in 2 weeks,Gasoline,Street Parking,I'm not sure,About once a month,About once a month,About once a week,2-3 times a week,4-5 times a week,3-5 years into the future,Sports Car,Both,I'm not sure,"$35,000 - $39,999, $40,000 - $44,999","$9,000 - $10,000",Maybe/ Not sure,8,2024-07-06T21:11:43Z,41,2024-07-06T21:11:30Z,13,2,4,No,NA,6,2024-07-06T21:12:24Z,65,Test - Zain,1989,Female,No,Asian,2,"Employed, working 40 or more hours per week.","$75,000 to less than $100,000",Postgraduate courses,Building with 2-4 apartments/condos/studios,3,$0 - $100,4,democratic,35,6.683333333333334
2024-07-07T03:06:03Z,174.242.32.221,75,honda,16412,2024-07-06T22:07:18Z,659,New,No,"$25,000 - $29,999",$500 - $600,40 - 50 mpg,once in 2 weeks,"Gasoline, Hybrid","Driveway/ Carport, Single-family garage",No,4-5 times a week,Less than once a month or never,2-3 times a week,Less than once a month or never,Less than once a month or never,1-2 years into the future,"Small Sedan, Large Sedan, Van",Both,Purchase,"$30,000 - $34,999","$9,000 - $10,000",Definitely Yes,2166,2024-07-06T22:19:05Z,135,2024-07-06T22:18:17Z,48,"1, 2","2, 3",Yes,Leaf,6,2024-07-06T22:21:20Z,94,NA,1971,Male,No,White,4,"Employed, working 40 or more hours per week.","$200,000 to less than $250,000",College graduate/bachelor's degree/B.A./B.S.,Single family house not attached to any other house,1,$100 - $200,3,independent,53,16.85
2024-07-08T12:22:55Z,47.157.77.241,43,jeep,90066,2024-07-08T07:23:39Z,122,New,Yes,"$70,000 - $79,999",$1000 or more,not applicable,once a month,"Gasoline, Plug-in Hybrid, Electric",Single-family garage,Yes,Once a day or more,About once a month,About once a week,Less than once a month or never,Less than once a month or never,10+ years into the future,Do not know,Both,I'm not sure,I'm not sure,I'm not sure,Definitely Yes,306,2024-07-08T07:26:19Z,319,2024-07-08T07:25:42Z,37,"1, 2","2, 3",Yes,Lucid,4,2024-07-08T07:31:38Z,149,"Survey did not take into consideration at all that someone might choose a vehicle for specific features, such as offroad capability, transporting work or recreational equipment, and/or animals.",1972,Female,No,White,2,"Employed, working 40 or more hours per week.",Prefer not to answer,Technical or trade school,Single family house not attached to any other house,1,$200 - $300,5,independent,52,11.166666666666666
2024-07-08T18:13:22Z,100.4.221.199,67,lexus,12309,2024-07-08T13:14:29Z,159,Used car from a dealer,No,"$30,000 - $34,999",Paid all cash/ No loan,20 - 30 mpg,once a week,Gasoline,Driveway/ Carport,No,Once a day or more,4-5 times a week,Less than once a month or never,Less than once a month or never,Less than once a month or never,3-5 years into the future,Large Sedan,Used,Purchase,"$35,000 - $39,999",$19000 - $20000,Probably not,3179,2024-07-08T13:18:08Z,160,2024-07-08T13:17:08Z,60,"1, 2","2, 3",Yes,Tesla,6,2024-07-08T13:20:48Z,110,NA,1970,Male,No,Do not know/prefer not to answer,3,"Employed, working 40 or more hours per week.","$200,000 to less than $250,000",Master's degree,Single family house not attached to any other house,1,$0 - $100,3,republican,54,9.266666666666667
2024-07-09T07:41:40Z,74.105.8.3,123,mini,07666,2024-07-09T02:43:43Z,266,Used car from a dealer,No,"$15,000 - $19,999",Paid all cash/ No loan,30 - 40 mpg,once in 2 weeks,Gasoline,Driveway/ Carport,I'm not sure,4-5 times a week,Less than once a month or never,4-5 times a week,Less than once a month or never,About once a month,3-5 years into the future,"Small Sedan, Compact SUV",Used,Purchase,"$15,000 - $19,999, $20,000 - $24,999, $25,000 - $29,999","$20,000 or more",Probably not,457,2024-07-09T02:49:20Z,206,2024-07-09T02:48:10Z,70,"1, 2","1, 2, 3",Yes,Chevy Bolt,4,2024-07-09T02:52:47Z,153,NA,1953,Male,No,White,2,Retired.,"$100,000 to less than $125,000",College graduate/bachelor's degree/B.A./B.S.,Single family house not attached to any other house,1,$0 - $100,4,democratic,71,13.633333333333333
2024-07-10T19:43:25Z,35.144.38.41,174,chevrolet,87508,2024-07-10T14:46:19Z,198,New,No,"$80,000 - $89,999",$600 - $700,10 - 20 mpg,once in 2 weeks,Gasoline,Single-family garage,I'm not sure,4-5 times a week,Less than once a month or never,About once a month,Less than once a month or never,Less than once a month or never,I'm not sure,"Sports Car, Pick-up truck",New,Purchase,"$80,000 - $89,999","$20,000 or more",Probably not,1146,2024-07-10T14:50:34Z,175,2024-07-10T14:49:37Z,57,"1, 2","2, 3",Yes,Volt,6,2024-07-10T14:53:29Z,98,NA,1949,Male,No,White,1,Retired.,Prefer not to answer,M.B.A. or law degree,Single family house not attached to any other house,4,$300 - $400,2,independent,75,11.7
2024-07-11T05:28:32Z,99.117.89.169,822,ford,38011,2024-07-11T00:42:13Z,473,Used car from a dealer,No,"$20,000 - $24,999",$300 - $400,20 - 30 mpg,once in 2 weeks,Gasoline,Driveway/ Carport,No,4-5 times a week,Less than once a month or never,Less than once a month or never,Less than once a month or never,Less than once a month or never,1-2 years into the future,Compact SUV,I'm not sure,I'm not sure,"$20,000 - $24,999","$11,000 - $12,000",Definitely Yes,1480,2024-07-11T00:51:02Z,343,2024-07-11T00:50:05Z,58,4,4,No,NA,6,2024-07-11T00:56:44Z,454,"Just hope I help just little. I've work in Quality all my life with some top companies in our great country. You never mention the word ""Quality"". So sad we see QC failing in everything.",1939,Male,No,White,2,Retired.,"$30,000 to less than $40,000",Some college - two years or more/A.A. degree,Single family house not attached to any other house,2,$500 or more,3,republican,85,35.833333333333336
2024-07-11T08:04:53Z,35.145.113.143,100,chevrolet,32808,2024-07-11T03:06:33Z,214,Used car from a dealer,No,"$10,000 - $14,999",Paid all cash/ No loan,not applicable,once a week,Gasoline,Driveway/ Carport,I'm not sure,Once a day or more,4-5 times a week,Less than once a month or never,Less than once a month or never,Less than once a month or never,3-5 years into the future,"Small Sedan, Large Sedan, Pick-up truck",Used,Purchase,I'm not sure,I'm not sure,Probably not,3518,2024-07-11T03:11:57Z,216,2024-07-11T03:10:08Z,109,1,"2, 3",Yes,Tesla,6,2024-07-11T03:15:33Z,213,None,1962,Male,No,White,1,Retired.,"$15,000 to less than $30,000",Technical or trade school,Single family house not attached to any other house,1,$0 - $100,3,independent,62,14.2
