respID,qID,attID,issue
1,1,15,Purchase price
1,1,5,Vehicle history report available
1,1,9,Customer satisfaction return window
1,1,20,Vehicle age
1,1,7,Vehicle fuel efficiency
1,2,10,Spare tires and jacking tools included
1,2,13,Test-driving the vehicle
1,2,1,Certified Pre-Owned (CPO) vehicle
1,2,6,Where was the vehicle bought/used?
1,2,14,Mileage on the vehicle
1,3,2,Brand reputation
1,3,19,Insurance cost
1,3,16,Vehicle seating capacity
1,3,17,Options and features
1,3,11,Pre-approved loan for the vehicle
1,4,8,Vehicle warranty
1,4,22,Cargo space
1,4,3,Maintenance records available
1,4,21,Interior/exterior condition
1,4,4,Number of previous owners
1,5,12,Pre-purchase independent inspection
1,5,18,Resale value
1,5,20,Vehicle age
1,5,16,Vehicle seating capacity
1,5,2,Brand reputation
1,6,22,Cargo space
1,6,17,Options and features
1,6,9,Customer satisfaction return window
1,6,14,Mileage on the vehicle
1,6,12,Pre-purchase independent inspection
2,1,2,Brand reputation
2,1,14,Mileage on the vehicle
2,1,10,Spare tires and jacking tools included
2,1,19,Insurance cost
2,1,7,Vehicle fuel efficiency
2,2,18,Resale value
2,2,3,Maintenance records available
2,2,4,Number of previous owners
2,2,11,Pre-approved loan for the vehicle
2,2,13,Test-driving the vehicle
2,3,16,Vehicle seating capacity
2,3,5,Vehicle history report available
2,3,21,Interior/exterior condition
2,3,1,Certified Pre-Owned (CPO) vehicle
2,3,8,Vehicle warranty
2,4,22,Cargo space
2,4,9,Customer satisfaction return window
2,4,12,Pre-purchase independent inspection
2,4,20,Vehicle age
2,4,15,Purchase price
2,5,17,Options and features
2,5,6,Where was the vehicle bought/used?
2,5,5,Vehicle history report available
2,5,22,Cargo space
2,5,15,Purchase price
2,6,16,Vehicle seating capacity
2,6,19,Insurance cost
2,6,21,Interior/exterior condition
2,6,12,Pre-purchase independent inspection
2,6,9,Customer satisfaction return window
3,1,13,Test-driving the vehicle
3,1,22,Cargo space
3,1,1,Certified Pre-Owned (CPO) vehicle
3,1,19,Insurance cost
3,1,20,Vehicle age
3,2,21,Interior/exterior condition
3,2,11,Pre-approved loan for the vehicle
3,2,14,Mileage on the vehicle
3,2,16,Vehicle seating capacity
3,2,8,Vehicle warranty
3,3,2,Brand reputation
3,3,15,Purchase price
3,3,6,Where was the vehicle bought/used?
3,3,3,Maintenance records available
3,3,10,Spare tires and jacking tools included
3,4,17,Options and features
3,4,18,Resale value
3,4,7,Vehicle fuel efficiency
3,4,9,Customer satisfaction return window
3,4,4,Number of previous owners
3,5,5,Vehicle history report available
3,5,12,Pre-purchase independent inspection
3,5,16,Vehicle seating capacity
3,5,4,Number of previous owners
3,5,15,Purchase price
3,6,2,Brand reputation
3,6,11,Pre-approved loan for the vehicle
3,6,10,Spare tires and jacking tools included
3,6,18,Resale value
3,6,1,Certified Pre-Owned (CPO) vehicle
4,1,14,Mileage on the vehicle
4,1,2,Brand reputation
4,1,1,Certified Pre-Owned (CPO) vehicle
4,1,19,Insurance cost
4,1,22,Cargo space
4,2,18,Resale value
4,2,5,Vehicle history report available
4,2,3,Maintenance records available
4,2,21,Interior/exterior condition
4,2,8,Vehicle warranty
4,3,11,Pre-approved loan for the vehicle
4,3,17,Options and features
4,3,7,Vehicle fuel efficiency
4,3,13,Test-driving the vehicle
4,3,4,Number of previous owners
4,4,16,Vehicle seating capacity
4,4,20,Vehicle age
4,4,15,Purchase price
4,4,10,Spare tires and jacking tools included
4,4,9,Customer satisfaction return window
4,5,12,Pre-purchase independent inspection
4,5,6,Where was the vehicle bought/used?
4,5,19,Insurance cost
4,5,14,Mileage on the vehicle
4,5,16,Vehicle seating capacity
4,6,10,Spare tires and jacking tools included
4,6,20,Vehicle age
4,6,11,Pre-approved loan for the vehicle
4,6,15,Purchase price
4,6,3,Maintenance records available
5,1,19,Insurance cost
5,1,6,Where was the vehicle bought/used?
5,1,12,Pre-purchase independent inspection
5,1,11,Pre-approved loan for the vehicle
5,1,13,Test-driving the vehicle
5,2,15,Purchase price
5,2,5,Vehicle history report available
5,2,3,Maintenance records available
5,2,16,Vehicle seating capacity
5,2,1,Certified Pre-Owned (CPO) vehicle
5,3,22,Cargo space
5,3,8,Vehicle warranty
5,3,4,Number of previous owners
5,3,9,Customer satisfaction return window
5,3,7,Vehicle fuel efficiency
5,4,21,Interior/exterior condition
5,4,2,Brand reputation
5,4,17,Options and features
5,4,18,Resale value
5,4,20,Vehicle age
5,5,10,Spare tires and jacking tools included
5,5,14,Mileage on the vehicle
5,5,17,Options and features
5,5,14,Mileage on the vehicle
5,5,21,Interior/exterior condition
5,6,13,Test-driving the vehicle
5,6,6,Where was the vehicle bought/used?
5,6,5,Vehicle history report available
5,6,2,Brand reputation
5,6,20,Vehicle age
6,1,15,Purchase price
6,1,17,Options and features
6,1,6,Where was the vehicle bought/used?
6,1,3,Maintenance records available
6,1,4,Number of previous owners
6,2,2,Brand reputation
6,2,8,Vehicle warranty
6,2,9,Customer satisfaction return window
6,2,1,Certified Pre-Owned (CPO) vehicle
6,2,14,Mileage on the vehicle
6,3,12,Pre-purchase independent inspection
6,3,18,Resale value
6,3,19,Insurance cost
6,3,22,Cargo space
6,3,13,Test-driving the vehicle
6,4,7,Vehicle fuel efficiency
6,4,10,Spare tires and jacking tools included
6,4,20,Vehicle age
6,4,21,Interior/exterior condition
6,4,5,Vehicle history report available
6,5,16,Vehicle seating capacity
6,5,11,Pre-approved loan for the vehicle
6,5,4,Number of previous owners
6,5,8,Vehicle warranty
6,5,3,Maintenance records available
6,6,6,Where was the vehicle bought/used?
6,6,13,Test-driving the vehicle
6,6,22,Cargo space
6,6,2,Brand reputation
6,6,20,Vehicle age
7,1,13,Test-driving the vehicle
7,1,3,Maintenance records available
7,1,15,Purchase price
7,1,19,Insurance cost
7,1,4,Number of previous owners
7,2,10,Spare tires and jacking tools included
7,2,16,Vehicle seating capacity
7,2,2,Brand reputation
7,2,21,Interior/exterior condition
7,2,17,Options and features
7,3,12,Pre-purchase independent inspection
7,3,20,Vehicle age
7,3,18,Resale value
7,3,5,Vehicle history report available
7,3,11,Pre-approved loan for the vehicle
7,4,22,Cargo space
7,4,8,Vehicle warranty
7,4,9,Customer satisfaction return window
7,4,14,Mileage on the vehicle
7,4,1,Certified Pre-Owned (CPO) vehicle
7,5,7,Vehicle fuel efficiency
7,5,6,Where was the vehicle bought/used?
7,5,7,Vehicle fuel efficiency
7,5,19,Insurance cost
7,5,15,Purchase price
7,6,14,Mileage on the vehicle
7,6,22,Cargo space
7,6,4,Number of previous owners
7,6,3,Maintenance records available
7,6,12,Pre-purchase independent inspection
8,1,1,Certified Pre-Owned (CPO) vehicle
8,1,10,Spare tires and jacking tools included
8,1,9,Customer satisfaction return window
8,1,4,Number of previous owners
8,1,22,Cargo space
8,2,15,Purchase price
8,2,6,Where was the vehicle bought/used?
8,2,19,Insurance cost
8,2,13,Test-driving the vehicle
8,2,18,Resale value
8,3,2,Brand reputation
8,3,16,Vehicle seating capacity
8,3,17,Options and features
8,3,5,Vehicle history report available
8,3,21,Interior/exterior condition
8,4,11,Pre-approved loan for the vehicle
8,4,12,Pre-purchase independent inspection
8,4,20,Vehicle age
8,4,7,Vehicle fuel efficiency
8,4,3,Maintenance records available
8,5,14,Mileage on the vehicle
8,5,8,Vehicle warranty
8,5,4,Number of previous owners
8,5,6,Where was the vehicle bought/used?
8,5,14,Mileage on the vehicle
8,6,13,Test-driving the vehicle
8,6,19,Insurance cost
8,6,11,Pre-approved loan for the vehicle
8,6,15,Purchase price
8,6,16,Vehicle seating capacity
9,1,5,Vehicle history report available
9,1,20,Vehicle age
9,1,7,Vehicle fuel efficiency
9,1,22,Cargo space
9,1,8,Vehicle warranty
9,2,21,Interior/exterior condition
9,2,11,Pre-approved loan for the vehicle
9,2,9,Customer satisfaction return window
9,2,18,Resale value
9,2,12,Pre-purchase independent inspection
9,3,10,Spare tires and jacking tools included
9,3,15,Purchase price
9,3,3,Maintenance records available
9,3,16,Vehicle seating capacity
9,3,14,Mileage on the vehicle
9,4,17,Options and features
9,4,2,Brand reputation
9,4,13,Test-driving the vehicle
9,4,1,Certified Pre-Owned (CPO) vehicle
9,4,4,Number of previous owners
9,5,6,Where was the vehicle bought/used?
9,5,19,Insurance cost
9,5,5,Vehicle history report available
9,5,7,Vehicle fuel efficiency
9,5,22,Cargo space
9,6,17,Options and features
9,6,16,Vehicle seating capacity
9,6,1,Certified Pre-Owned (CPO) vehicle
9,6,20,Vehicle age
9,6,14,Mileage on the vehicle
10,1,16,Vehicle seating capacity
10,1,5,Vehicle history report available
10,1,17,Options and features
10,1,21,Interior/exterior condition
10,1,1,Certified Pre-Owned (CPO) vehicle
10,2,18,Resale value
10,2,11,Pre-approved loan for the vehicle
10,2,10,Spare tires and jacking tools included
10,2,6,Where was the vehicle bought/used?
10,2,12,Pre-purchase independent inspection
10,3,9,Customer satisfaction return window
10,3,14,Mileage on the vehicle
10,3,3,Maintenance records available
10,3,15,Purchase price
10,3,13,Test-driving the vehicle
10,4,7,Vehicle fuel efficiency
10,4,19,Insurance cost
10,4,2,Brand reputation
10,4,22,Cargo space
10,4,4,Number of previous owners
10,5,8,Vehicle warranty
10,5,20,Vehicle age
10,5,10,Spare tires and jacking tools included
10,5,4,Number of previous owners
10,5,20,Vehicle age
10,6,11,Pre-approved loan for the vehicle
10,6,22,Cargo space
10,6,14,Mileage on the vehicle
10,6,2,Brand reputation
10,6,1,Certified Pre-Owned (CPO) vehicle
11,1,20,Vehicle age
11,1,7,Vehicle fuel efficiency
11,1,9,Customer satisfaction return window
11,1,18,Resale value
11,1,21,Interior/exterior condition
11,2,22,Cargo space
11,2,8,Vehicle warranty
11,2,5,Vehicle history report available
11,2,14,Mileage on the vehicle
11,2,10,Spare tires and jacking tools included
11,3,4,Number of previous owners
11,3,6,Where was the vehicle bought/used?
11,3,15,Purchase price
11,3,19,Insurance cost
11,3,2,Brand reputation
11,4,16,Vehicle seating capacity
11,4,12,Pre-purchase independent inspection
11,4,3,Maintenance records available
11,4,11,Pre-approved loan for the vehicle
11,4,1,Certified Pre-Owned (CPO) vehicle
11,5,13,Test-driving the vehicle
11,5,17,Options and features
11,5,15,Purchase price
11,5,10,Spare tires and jacking tools included
11,5,8,Vehicle warranty
11,6,6,Where was the vehicle bought/used?
11,6,12,Pre-purchase independent inspection
11,6,19,Insurance cost
11,6,5,Vehicle history report available
11,6,1,Certified Pre-Owned (CPO) vehicle
12,1,1,Certified Pre-Owned (CPO) vehicle
12,1,6,Where was the vehicle bought/used?
12,1,3,Maintenance records available
12,1,16,Vehicle seating capacity
12,1,19,Insurance cost
12,2,11,Pre-approved loan for the vehicle
12,2,21,Interior/exterior condition
12,2,17,Options and features
12,2,14,Mileage on the vehicle
12,2,5,Vehicle history report available
12,3,22,Cargo space
12,3,10,Spare tires and jacking tools included
12,3,7,Vehicle fuel efficiency
12,3,12,Pre-purchase independent inspection
12,3,20,Vehicle age
12,4,9,Customer satisfaction return window
12,4,15,Purchase price
12,4,4,Number of previous owners
12,4,2,Brand reputation
12,4,13,Test-driving the vehicle
12,5,18,Resale value
12,5,8,Vehicle warranty
12,5,17,Options and features
12,5,5,Vehicle history report available
12,5,8,Vehicle warranty
12,6,2,Brand reputation
12,6,3,Maintenance records available
12,6,1,Certified Pre-Owned (CPO) vehicle
12,6,16,Vehicle seating capacity
12,6,13,Test-driving the vehicle
13,1,13,Test-driving the vehicle
13,1,22,Cargo space
13,1,20,Vehicle age
13,1,12,Pre-purchase independent inspection
13,1,15,Purchase price
13,2,6,Where was the vehicle bought/used?
13,2,5,Vehicle history report available
13,2,16,Vehicle seating capacity
13,2,17,Options and features
13,2,9,Customer satisfaction return window
13,3,18,Resale value
13,3,14,Mileage on the vehicle
13,3,4,Number of previous owners
13,3,10,Spare tires and jacking tools included
13,3,21,Interior/exterior condition
13,4,2,Brand reputation
13,4,1,Certified Pre-Owned (CPO) vehicle
13,4,11,Pre-approved loan for the vehicle
13,4,19,Insurance cost
13,4,7,Vehicle fuel efficiency
13,5,3,Maintenance records available
13,5,8,Vehicle warranty
13,5,19,Insurance cost
13,5,17,Options and features
13,5,5,Vehicle history report available
13,6,8,Vehicle warranty
13,6,10,Spare tires and jacking tools included
13,6,11,Pre-approved loan for the vehicle
13,6,22,Cargo space
13,6,9,Customer satisfaction return window
14,1,21,Interior/exterior condition
14,1,13,Test-driving the vehicle
14,1,14,Mileage on the vehicle
14,1,22,Cargo space
14,1,18,Resale value
14,2,12,Pre-purchase independent inspection
14,2,1,Certified Pre-Owned (CPO) vehicle
14,2,4,Number of previous owners
14,2,17,Options and features
14,2,15,Purchase price
14,3,2,Brand reputation
14,3,8,Vehicle warranty
14,3,7,Vehicle fuel efficiency
14,3,10,Spare tires and jacking tools included
14,3,6,Where was the vehicle bought/used?
14,4,19,Insurance cost
14,4,5,Vehicle history report available
14,4,3,Maintenance records available
14,4,20,Vehicle age
14,4,11,Pre-approved loan for the vehicle
14,5,16,Vehicle seating capacity
14,5,9,Customer satisfaction return window
14,5,9,Customer satisfaction return window
14,5,1,Certified Pre-Owned (CPO) vehicle
14,5,22,Cargo space
14,6,8,Vehicle warranty
14,6,4,Number of previous owners
14,6,20,Vehicle age
14,6,2,Brand reputation
14,6,14,Mileage on the vehicle
15,1,7,Vehicle fuel efficiency
15,1,5,Vehicle history report available
15,1,10,Spare tires and jacking tools included
15,1,2,Brand reputation
15,1,6,Where was the vehicle bought/used?
15,2,21,Interior/exterior condition
15,2,15,Purchase price
15,2,17,Options and features
15,2,16,Vehicle seating capacity
15,2,22,Cargo space
15,3,11,Pre-approved loan for the vehicle
15,3,1,Certified Pre-Owned (CPO) vehicle
15,3,9,Customer satisfaction return window
15,3,3,Maintenance records available
15,3,12,Pre-purchase independent inspection
15,4,8,Vehicle warranty
15,4,13,Test-driving the vehicle
15,4,20,Vehicle age
15,4,14,Mileage on the vehicle
15,4,4,Number of previous owners
15,5,19,Insurance cost
15,5,18,Resale value
15,5,9,Customer satisfaction return window
15,5,5,Vehicle history report available
15,5,7,Vehicle fuel efficiency
15,6,11,Pre-approved loan for the vehicle
15,6,19,Insurance cost
15,6,3,Maintenance records available
15,6,14,Mileage on the vehicle
15,6,17,Options and features
16,1,15,Purchase price
16,1,21,Interior/exterior condition
16,1,12,Pre-purchase independent inspection
16,1,13,Test-driving the vehicle
16,1,22,Cargo space
16,2,2,Brand reputation
16,2,9,Customer satisfaction return window
16,2,1,Certified Pre-Owned (CPO) vehicle
16,2,4,Number of previous owners
16,2,16,Vehicle seating capacity
16,3,10,Spare tires and jacking tools included
16,3,20,Vehicle age
16,3,7,Vehicle fuel efficiency
16,3,5,Vehicle history report available
16,3,8,Vehicle warranty
16,4,18,Resale value
16,4,14,Mileage on the vehicle
16,4,19,Insurance cost
16,4,17,Options and features
16,4,11,Pre-approved loan for the vehicle
16,5,6,Where was the vehicle bought/used?
16,5,3,Maintenance records available
16,5,20,Vehicle age
16,5,18,Resale value
16,5,2,Brand reputation
16,6,21,Interior/exterior condition
16,6,14,Mileage on the vehicle
16,6,22,Cargo space
16,6,12,Pre-purchase independent inspection
16,6,1,Certified Pre-Owned (CPO) vehicle
17,1,17,Options and features
17,1,21,Interior/exterior condition
17,1,19,Insurance cost
17,1,20,Vehicle age
17,1,1,Certified Pre-Owned (CPO) vehicle
17,2,2,Brand reputation
17,2,13,Test-driving the vehicle
17,2,3,Maintenance records available
17,2,14,Mileage on the vehicle
17,2,4,Number of previous owners
17,3,6,Where was the vehicle bought/used?
17,3,8,Vehicle warranty
17,3,9,Customer satisfaction return window
17,3,18,Resale value
17,3,12,Pre-purchase independent inspection
17,4,7,Vehicle fuel efficiency
17,4,11,Pre-approved loan for the vehicle
17,4,16,Vehicle seating capacity
17,4,15,Purchase price
17,4,10,Spare tires and jacking tools included
17,5,5,Vehicle history report available
17,5,22,Cargo space
17,5,11,Pre-approved loan for the vehicle
17,5,6,Where was the vehicle bought/used?
17,5,22,Cargo space
17,6,17,Options and features
17,6,19,Insurance cost
17,6,5,Vehicle history report available
17,6,9,Customer satisfaction return window
17,6,15,Purchase price
18,1,19,Insurance cost
18,1,10,Spare tires and jacking tools included
18,1,1,Certified Pre-Owned (CPO) vehicle
18,1,12,Pre-purchase independent inspection
18,1,20,Vehicle age
18,2,9,Customer satisfaction return window
18,2,14,Mileage on the vehicle
18,2,6,Where was the vehicle bought/used?
18,2,22,Cargo space
18,2,11,Pre-approved loan for the vehicle
18,3,21,Interior/exterior condition
18,3,15,Purchase price
18,3,3,Maintenance records available
18,3,2,Brand reputation
18,3,4,Number of previous owners
18,4,18,Resale value
18,4,8,Vehicle warranty
18,4,17,Options and features
18,4,5,Vehicle history report available
18,4,16,Vehicle seating capacity
18,5,7,Vehicle fuel efficiency
18,5,13,Test-driving the vehicle
18,5,12,Pre-purchase independent inspection
18,5,16,Vehicle seating capacity
18,5,17,Options and features
18,6,14,Mileage on the vehicle
18,6,15,Purchase price
18,6,10,Spare tires and jacking tools included
18,6,13,Test-driving the vehicle
18,6,4,Number of previous owners
19,1,15,Purchase price
19,1,5,Vehicle history report available
19,1,17,Options and features
19,1,10,Spare tires and jacking tools included
19,1,16,Vehicle seating capacity
19,2,2,Brand reputation
19,2,8,Vehicle warranty
19,2,3,Maintenance records available
19,2,4,Number of previous owners
19,2,19,Insurance cost
19,3,9,Customer satisfaction return window
19,3,18,Resale value
19,3,22,Cargo space
19,3,11,Pre-approved loan for the vehicle
19,3,21,Interior/exterior condition
19,4,1,Certified Pre-Owned (CPO) vehicle
19,4,6,Where was the vehicle bought/used?
19,4,12,Pre-purchase independent inspection
19,4,13,Test-driving the vehicle
19,4,14,Mileage on the vehicle
19,5,20,Vehicle age
19,5,7,Vehicle fuel efficiency
19,5,11,Pre-approved loan for the vehicle
19,5,14,Mileage on the vehicle
19,5,6,Where was the vehicle bought/used?
19,6,3,Maintenance records available
19,6,13,Test-driving the vehicle
19,6,7,Vehicle fuel efficiency
19,6,12,Pre-purchase independent inspection
19,6,19,Insurance cost
20,1,10,Spare tires and jacking tools included
20,1,18,Resale value
20,1,16,Vehicle seating capacity
20,1,9,Customer satisfaction return window
20,1,4,Number of previous owners
20,2,6,Where was the vehicle bought/used?
20,2,13,Test-driving the vehicle
20,2,12,Pre-purchase independent inspection
20,2,22,Cargo space
20,2,3,Maintenance records available
20,3,15,Purchase price
20,3,14,Mileage on the vehicle
20,3,19,Insurance cost
20,3,5,Vehicle history report available
20,3,2,Brand reputation
20,4,11,Pre-approved loan for the vehicle
20,4,8,Vehicle warranty
20,4,20,Vehicle age
20,4,21,Interior/exterior condition
20,4,17,Options and features
20,5,1,Certified Pre-Owned (CPO) vehicle
20,5,7,Vehicle fuel efficiency
20,5,1,Certified Pre-Owned (CPO) vehicle
20,5,19,Insurance cost
20,5,17,Options and features
20,6,18,Resale value
20,6,14,Mileage on the vehicle
20,6,10,Spare tires and jacking tools included
20,6,6,Where was the vehicle bought/used?
20,6,8,Vehicle warranty
21,1,12,Pre-purchase independent inspection
21,1,4,Number of previous owners
21,1,2,Brand reputation
21,1,11,Pre-approved loan for the vehicle
21,1,5,Vehicle history report available
21,2,15,Purchase price
21,2,17,Options and features
21,2,16,Vehicle seating capacity
21,2,13,Test-driving the vehicle
21,2,14,Mileage on the vehicle
21,3,3,Maintenance records available
21,3,8,Vehicle warranty
21,3,20,Vehicle age
21,3,6,Where was the vehicle bought/used?
21,3,10,Spare tires and jacking tools included
21,4,9,Customer satisfaction return window
21,4,19,Insurance cost
21,4,22,Cargo space
21,4,1,Certified Pre-Owned (CPO) vehicle
21,4,18,Resale value
21,5,21,Interior/exterior condition
21,5,7,Vehicle fuel efficiency
21,5,19,Insurance cost
21,5,20,Vehicle age
21,5,1,Certified Pre-Owned (CPO) vehicle
21,6,7,Vehicle fuel efficiency
21,6,9,Customer satisfaction return window
21,6,10,Spare tires and jacking tools included
21,6,8,Vehicle warranty
21,6,12,Pre-purchase independent inspection
22,1,18,Resale value
22,1,14,Mileage on the vehicle
22,1,3,Maintenance records available
22,1,4,Number of previous owners
22,1,10,Spare tires and jacking tools included
22,2,11,Pre-approved loan for the vehicle
22,2,13,Test-driving the vehicle
22,2,9,Customer satisfaction return window
22,2,12,Pre-purchase independent inspection
22,2,17,Options and features
22,3,6,Where was the vehicle bought/used?
22,3,22,Cargo space
22,3,7,Vehicle fuel efficiency
22,3,2,Brand reputation
22,3,8,Vehicle warranty
22,4,21,Interior/exterior condition
22,4,19,Insurance cost
22,4,20,Vehicle age
22,4,1,Certified Pre-Owned (CPO) vehicle
22,4,15,Purchase price
22,5,5,Vehicle history report available
22,5,16,Vehicle seating capacity
22,5,2,Brand reputation
22,5,5,Vehicle history report available
22,5,11,Pre-approved loan for the vehicle
22,6,15,Purchase price
22,6,22,Cargo space
22,6,17,Options and features
22,6,20,Vehicle age
22,6,7,Vehicle fuel efficiency
23,1,20,Vehicle age
23,1,4,Number of previous owners
23,1,13,Test-driving the vehicle
23,1,22,Cargo space
23,1,2,Brand reputation
23,2,5,Vehicle history report available
23,2,21,Interior/exterior condition
23,2,9,Customer satisfaction return window
23,2,17,Options and features
23,2,1,Certified Pre-Owned (CPO) vehicle
23,3,16,Vehicle seating capacity
23,3,8,Vehicle warranty
23,3,14,Mileage on the vehicle
23,3,12,Pre-purchase independent inspection
23,3,18,Resale value
23,4,15,Purchase price
23,4,6,Where was the vehicle bought/used?
23,4,7,Vehicle fuel efficiency
23,4,11,Pre-approved loan for the vehicle
23,4,3,Maintenance records available
23,5,19,Insurance cost
23,5,10,Spare tires and jacking tools included
23,5,6,Where was the vehicle bought/used?
23,5,3,Maintenance records available
23,5,13,Test-driving the vehicle
23,6,17,Options and features
23,6,16,Vehicle seating capacity
23,6,9,Customer satisfaction return window
23,6,15,Purchase price
23,6,4,Number of previous owners
24,1,19,Insurance cost
24,1,2,Brand reputation
24,1,22,Cargo space
24,1,6,Where was the vehicle bought/used?
24,1,4,Number of previous owners
24,2,11,Pre-approved loan for the vehicle
24,2,1,Certified Pre-Owned (CPO) vehicle
24,2,20,Vehicle age
24,2,3,Maintenance records available
24,2,18,Resale value
24,3,14,Mileage on the vehicle
24,3,7,Vehicle fuel efficiency
24,3,9,Customer satisfaction return window
24,3,12,Pre-purchase independent inspection
24,3,13,Test-driving the vehicle
24,4,5,Vehicle history report available
24,4,10,Spare tires and jacking tools included
24,4,8,Vehicle warranty
24,4,21,Interior/exterior condition
24,4,15,Purchase price
24,5,16,Vehicle seating capacity
24,5,17,Options and features
24,5,6,Where was the vehicle bought/used?
24,5,19,Insurance cost
24,5,17,Options and features
24,6,20,Vehicle age
24,6,13,Test-driving the vehicle
24,6,11,Pre-approved loan for the vehicle
24,6,3,Maintenance records available
24,6,9,Customer satisfaction return window
25,1,13,Test-driving the vehicle
25,1,12,Pre-purchase independent inspection
25,1,4,Number of previous owners
25,1,15,Purchase price
25,1,19,Insurance cost
25,2,6,Where was the vehicle bought/used?
25,2,8,Vehicle warranty
25,2,14,Mileage on the vehicle
25,2,17,Options and features
25,2,9,Customer satisfaction return window
25,3,7,Vehicle fuel efficiency
25,3,5,Vehicle history report available
25,3,18,Resale value
25,3,21,Interior/exterior condition
25,3,20,Vehicle age
25,4,22,Cargo space
25,4,3,Maintenance records available
25,4,11,Pre-approved loan for the vehicle
25,4,1,Certified Pre-Owned (CPO) vehicle
25,4,16,Vehicle seating capacity
25,5,10,Spare tires and jacking tools included
25,5,2,Brand reputation
25,5,10,Spare tires and jacking tools included
25,5,1,Certified Pre-Owned (CPO) vehicle
25,5,12,Pre-purchase independent inspection
25,6,2,Brand reputation
25,6,8,Vehicle warranty
25,6,20,Vehicle age
25,6,14,Mileage on the vehicle
25,6,19,Insurance cost
26,1,20,Vehicle age
26,1,12,Pre-purchase independent inspection
26,1,11,Pre-approved loan for the vehicle
26,1,15,Purchase price
26,1,7,Vehicle fuel efficiency
26,2,16,Vehicle seating capacity
26,2,19,Insurance cost
26,2,9,Customer satisfaction return window
26,2,22,Cargo space
26,2,21,Interior/exterior condition
26,3,4,Number of previous owners
26,3,6,Where was the vehicle bought/used?
26,3,17,Options and features
26,3,5,Vehicle history report available
26,3,18,Resale value
26,4,3,Maintenance records available
26,4,13,Test-driving the vehicle
26,4,8,Vehicle warranty
26,4,10,Spare tires and jacking tools included
26,4,14,Mileage on the vehicle
26,5,2,Brand reputation
26,5,1,Certified Pre-Owned (CPO) vehicle
26,5,3,Maintenance records available
26,5,14,Mileage on the vehicle
26,5,13,Test-driving the vehicle
26,6,11,Pre-approved loan for the vehicle
26,6,1,Certified Pre-Owned (CPO) vehicle
26,6,16,Vehicle seating capacity
26,6,22,Cargo space
26,6,6,Where was the vehicle bought/used?
27,1,1,Certified Pre-Owned (CPO) vehicle
27,1,15,Purchase price
27,1,6,Where was the vehicle bought/used?
27,1,21,Interior/exterior condition
27,1,4,Number of previous owners
27,2,8,Vehicle warranty
27,2,13,Test-driving the vehicle
27,2,9,Customer satisfaction return window
27,2,10,Spare tires and jacking tools included
27,2,16,Vehicle seating capacity
27,3,20,Vehicle age
27,3,2,Brand reputation
27,3,17,Options and features
27,3,3,Maintenance records available
27,3,7,Vehicle fuel efficiency
27,4,22,Cargo space
27,4,18,Resale value
27,4,12,Pre-purchase independent inspection
27,4,5,Vehicle history report available
27,4,19,Insurance cost
27,5,14,Mileage on the vehicle
27,5,11,Pre-approved loan for the vehicle
27,5,7,Vehicle fuel efficiency
27,5,1,Certified Pre-Owned (CPO) vehicle
27,5,8,Vehicle warranty
27,6,17,Options and features
27,6,22,Cargo space
27,6,15,Purchase price
27,6,10,Spare tires and jacking tools included
27,6,4,Number of previous owners
28,1,3,Maintenance records available
28,1,11,Pre-approved loan for the vehicle
28,1,5,Vehicle history report available
28,1,7,Vehicle fuel efficiency
28,1,17,Options and features
28,2,15,Purchase price
28,2,14,Mileage on the vehicle
28,2,8,Vehicle warranty
28,2,2,Brand reputation
28,2,12,Pre-purchase independent inspection
28,3,19,Insurance cost
28,3,6,Where was the vehicle bought/used?
28,3,1,Certified Pre-Owned (CPO) vehicle
28,3,22,Cargo space
28,3,4,Number of previous owners
28,4,20,Vehicle age
28,4,21,Interior/exterior condition
28,4,13,Test-driving the vehicle
28,4,18,Resale value
28,4,10,Spare tires and jacking tools included
28,5,16,Vehicle seating capacity
28,5,9,Customer satisfaction return window
28,5,22,Cargo space
28,5,7,Vehicle fuel efficiency
28,5,20,Vehicle age
28,6,5,Vehicle history report available
28,6,15,Purchase price
28,6,18,Resale value
28,6,10,Spare tires and jacking tools included
28,6,9,Customer satisfaction return window
29,1,21,Interior/exterior condition
29,1,10,Spare tires and jacking tools included
29,1,18,Resale value
29,1,22,Cargo space
29,1,9,Customer satisfaction return window
29,2,6,Where was the vehicle bought/used?
29,2,3,Maintenance records available
29,2,13,Test-driving the vehicle
29,2,5,Vehicle history report available
29,2,17,Options and features
29,3,1,Certified Pre-Owned (CPO) vehicle
29,3,4,Number of previous owners
29,3,15,Purchase price
29,3,19,Insurance cost
29,3,14,Mileage on the vehicle
29,4,16,Vehicle seating capacity
29,4,12,Pre-purchase independent inspection
29,4,7,Vehicle fuel efficiency
29,4,11,Pre-approved loan for the vehicle
29,4,2,Brand reputation
29,5,8,Vehicle warranty
29,5,20,Vehicle age
29,5,6,Where was the vehicle bought/used?
29,5,16,Vehicle seating capacity
29,5,21,Interior/exterior condition
29,6,12,Pre-purchase independent inspection
29,6,1,Certified Pre-Owned (CPO) vehicle
29,6,8,Vehicle warranty
29,6,11,Pre-approved loan for the vehicle
29,6,3,Maintenance records available
30,1,7,Vehicle fuel efficiency
30,1,11,Pre-approved loan for the vehicle
30,1,20,Vehicle age
30,1,16,Vehicle seating capacity
30,1,3,Maintenance records available
30,2,2,Brand reputation
30,2,10,Spare tires and jacking tools included
30,2,19,Insurance cost
30,2,18,Resale value
30,2,14,Mileage on the vehicle
30,3,8,Vehicle warranty
30,3,12,Pre-purchase independent inspection
30,3,1,Certified Pre-Owned (CPO) vehicle
30,3,4,Number of previous owners
30,3,5,Vehicle history report available
30,4,13,Test-driving the vehicle
30,4,21,Interior/exterior condition
30,4,17,Options and features
30,4,15,Purchase price
30,4,6,Where was the vehicle bought/used?
30,5,9,Customer satisfaction return window
30,5,22,Cargo space
30,5,21,Interior/exterior condition
30,5,7,Vehicle fuel efficiency
30,5,15,Purchase price
30,6,16,Vehicle seating capacity
30,6,13,Test-driving the vehicle
30,6,14,Mileage on the vehicle
30,6,2,Brand reputation
30,6,8,Vehicle warranty
31,1,16,Vehicle seating capacity
31,1,15,Purchase price
31,1,7,Vehicle fuel efficiency
31,1,18,Resale value
31,1,9,Customer satisfaction return window
31,2,12,Pre-purchase independent inspection
31,2,22,Cargo space
31,2,19,Insurance cost
31,2,1,Certified Pre-Owned (CPO) vehicle
31,2,20,Vehicle age
31,3,14,Mileage on the vehicle
31,3,10,Spare tires and jacking tools included
31,3,2,Brand reputation
31,3,6,Where was the vehicle bought/used?
31,3,8,Vehicle warranty
31,4,4,Number of previous owners
31,4,11,Pre-approved loan for the vehicle
31,4,21,Interior/exterior condition
31,4,13,Test-driving the vehicle
31,4,5,Vehicle history report available
31,5,17,Options and features
31,5,3,Maintenance records available
31,5,21,Interior/exterior condition
31,5,14,Mileage on the vehicle
31,5,4,Number of previous owners
31,6,16,Vehicle seating capacity
31,6,15,Purchase price
31,6,9,Customer satisfaction return window
31,6,12,Pre-purchase independent inspection
31,6,20,Vehicle age
32,1,16,Vehicle seating capacity
32,1,17,Options and features
32,1,11,Pre-approved loan for the vehicle
32,1,4,Number of previous owners
32,1,6,Where was the vehicle bought/used?
32,2,2,Brand reputation
32,2,22,Cargo space
32,2,15,Purchase price
32,2,20,Vehicle age
32,2,8,Vehicle warranty
32,3,3,Maintenance records available
32,3,9,Customer satisfaction return window
32,3,7,Vehicle fuel efficiency
32,3,12,Pre-purchase independent inspection
32,3,21,Interior/exterior condition
32,4,10,Spare tires and jacking tools included
32,4,5,Vehicle history report available
32,4,13,Test-driving the vehicle
32,4,1,Certified Pre-Owned (CPO) vehicle
32,4,18,Resale value
32,5,14,Mileage on the vehicle
32,5,19,Insurance cost
32,5,8,Vehicle warranty
32,5,5,Vehicle history report available
32,5,18,Resale value
32,6,12,Pre-purchase independent inspection
32,6,21,Interior/exterior condition
32,6,11,Pre-approved loan for the vehicle
32,6,19,Insurance cost
32,6,16,Vehicle seating capacity
33,1,12,Pre-purchase independent inspection
33,1,18,Resale value
33,1,2,Brand reputation
33,1,19,Insurance cost
33,1,8,Vehicle warranty
33,2,22,Cargo space
33,2,21,Interior/exterior condition
33,2,6,Where was the vehicle bought/used?
33,2,9,Customer satisfaction return window
33,2,13,Test-driving the vehicle
33,3,10,Spare tires and jacking tools included
33,3,11,Pre-approved loan for the vehicle
33,3,14,Mileage on the vehicle
33,3,17,Options and features
33,3,15,Purchase price
33,4,7,Vehicle fuel efficiency
33,4,3,Maintenance records available
33,4,1,Certified Pre-Owned (CPO) vehicle
33,4,4,Number of previous owners
33,4,20,Vehicle age
33,5,5,Vehicle history report available
33,5,16,Vehicle seating capacity
33,5,4,Number of previous owners
33,5,2,Brand reputation
33,5,13,Test-driving the vehicle
33,6,15,Purchase price
33,6,9,Customer satisfaction return window
33,6,1,Certified Pre-Owned (CPO) vehicle
33,6,11,Pre-approved loan for the vehicle
33,6,12,Pre-purchase independent inspection
34,1,8,Vehicle warranty
34,1,20,Vehicle age
34,1,11,Pre-approved loan for the vehicle
34,1,10,Spare tires and jacking tools included
34,1,13,Test-driving the vehicle
34,2,4,Number of previous owners
34,2,7,Vehicle fuel efficiency
34,2,2,Brand reputation
34,2,21,Interior/exterior condition
34,2,22,Cargo space
34,3,19,Insurance cost
34,3,6,Where was the vehicle bought/used?
34,3,12,Pre-purchase independent inspection
34,3,5,Vehicle history report available
34,3,17,Options and features
34,4,3,Maintenance records available
34,4,14,Mileage on the vehicle
34,4,15,Purchase price
34,4,16,Vehicle seating capacity
34,4,18,Resale value
34,5,9,Customer satisfaction return window
34,5,1,Certified Pre-Owned (CPO) vehicle
34,5,11,Pre-approved loan for the vehicle
34,5,22,Cargo space
34,5,16,Vehicle seating capacity
34,6,12,Pre-purchase independent inspection
34,6,3,Maintenance records available
34,6,6,Where was the vehicle bought/used?
34,6,10,Spare tires and jacking tools included
34,6,15,Purchase price
35,1,18,Resale value
35,1,21,Interior/exterior condition
35,1,3,Maintenance records available
35,1,8,Vehicle warranty
35,1,2,Brand reputation
35,2,17,Options and features
35,2,15,Purchase price
35,2,1,Certified Pre-Owned (CPO) vehicle
35,2,7,Vehicle fuel efficiency
35,2,22,Cargo space
35,3,4,Number of previous owners
35,3,11,Pre-approved loan for the vehicle
35,3,6,Where was the vehicle bought/used?
35,3,9,Customer satisfaction return window
35,3,19,Insurance cost
35,4,16,Vehicle seating capacity
35,4,5,Vehicle history report available
35,4,13,Test-driving the vehicle
35,4,14,Mileage on the vehicle
35,4,10,Spare tires and jacking tools included
35,5,20,Vehicle age
35,5,12,Pre-purchase independent inspection
35,5,11,Pre-approved loan for the vehicle
35,5,18,Resale value
35,5,2,Brand reputation
35,6,3,Maintenance records available
35,6,16,Vehicle seating capacity
35,6,22,Cargo space
35,6,9,Customer satisfaction return window
35,6,5,Vehicle history report available
36,1,5,Vehicle history report available
36,1,1,Certified Pre-Owned (CPO) vehicle
36,1,3,Maintenance records available
36,1,20,Vehicle age
36,1,8,Vehicle warranty
36,2,9,Customer satisfaction return window
36,2,7,Vehicle fuel efficiency
36,2,18,Resale value
36,2,22,Cargo space
36,2,21,Interior/exterior condition
36,3,2,Brand reputation
36,3,4,Number of previous owners
36,3,16,Vehicle seating capacity
36,3,10,Spare tires and jacking tools included
36,3,17,Options and features
36,4,19,Insurance cost
36,4,13,Test-driving the vehicle
36,4,15,Purchase price
36,4,14,Mileage on the vehicle
36,4,11,Pre-approved loan for the vehicle
36,5,12,Pre-purchase independent inspection
36,5,6,Where was the vehicle bought/used?
36,5,12,Pre-purchase independent inspection
36,5,14,Mileage on the vehicle
36,5,9,Customer satisfaction return window
36,6,7,Vehicle fuel efficiency
36,6,15,Purchase price
36,6,17,Options and features
36,6,16,Vehicle seating capacity
36,6,13,Test-driving the vehicle
37,1,15,Purchase price
37,1,17,Options and features
37,1,9,Customer satisfaction return window
37,1,5,Vehicle history report available
37,1,22,Cargo space
37,2,11,Pre-approved loan for the vehicle
37,2,19,Insurance cost
37,2,10,Spare tires and jacking tools included
37,2,1,Certified Pre-Owned (CPO) vehicle
37,2,13,Test-driving the vehicle
37,3,7,Vehicle fuel efficiency
37,3,6,Where was the vehicle bought/used?
37,3,18,Resale value
37,3,8,Vehicle warranty
37,3,20,Vehicle age
37,4,4,Number of previous owners
37,4,21,Interior/exterior condition
37,4,2,Brand reputation
37,4,14,Mileage on the vehicle
37,4,3,Maintenance records available
37,5,12,Pre-purchase independent inspection
37,5,16,Vehicle seating capacity
37,5,20,Vehicle age
37,5,1,Certified Pre-Owned (CPO) vehicle
37,5,13,Test-driving the vehicle
37,6,21,Interior/exterior condition
37,6,3,Maintenance records available
37,6,12,Pre-purchase independent inspection
37,6,16,Vehicle seating capacity
37,6,2,Brand reputation
38,1,9,Customer satisfaction return window
38,1,16,Vehicle seating capacity
38,1,18,Resale value
38,1,12,Pre-purchase independent inspection
38,1,22,Cargo space
38,2,19,Insurance cost
38,2,10,Spare tires and jacking tools included
38,2,6,Where was the vehicle bought/used?
38,2,17,Options and features
38,2,13,Test-driving the vehicle
38,3,20,Vehicle age
38,3,8,Vehicle warranty
38,3,11,Pre-approved loan for the vehicle
38,3,21,Interior/exterior condition
38,3,1,Certified Pre-Owned (CPO) vehicle
38,4,5,Vehicle history report available
38,4,14,Mileage on the vehicle
38,4,3,Maintenance records available
38,4,7,Vehicle fuel efficiency
38,4,4,Number of previous owners
38,5,2,Brand reputation
38,5,15,Purchase price
38,5,7,Vehicle fuel efficiency
38,5,9,Customer satisfaction return window
38,5,11,Pre-approved loan for the vehicle
38,6,16,Vehicle seating capacity
38,6,13,Test-driving the vehicle
38,6,6,Where was the vehicle bought/used?
38,6,14,Mileage on the vehicle
38,6,19,Insurance cost
39,1,3,Maintenance records available
39,1,20,Vehicle age
39,1,17,Options and features
39,1,22,Cargo space
39,1,12,Pre-purchase independent inspection
39,2,14,Mileage on the vehicle
39,2,19,Insurance cost
39,2,6,Where was the vehicle bought/used?
39,2,15,Purchase price
39,2,8,Vehicle warranty
39,3,7,Vehicle fuel efficiency
39,3,1,Certified Pre-Owned (CPO) vehicle
39,3,9,Customer satisfaction return window
39,3,18,Resale value
39,3,16,Vehicle seating capacity
39,4,4,Number of previous owners
39,4,2,Brand reputation
39,4,21,Interior/exterior condition
39,4,11,Pre-approved loan for the vehicle
39,4,5,Vehicle history report available
39,5,13,Test-driving the vehicle
39,5,10,Spare tires and jacking tools included
39,5,22,Cargo space
39,5,1,Certified Pre-Owned (CPO) vehicle
39,5,12,Pre-purchase independent inspection
39,6,21,Interior/exterior condition
39,6,20,Vehicle age
39,6,10,Spare tires and jacking tools included
39,6,7,Vehicle fuel efficiency
39,6,17,Options and features
40,1,14,Mileage on the vehicle
40,1,5,Vehicle history report available
40,1,1,Certified Pre-Owned (CPO) vehicle
40,1,21,Interior/exterior condition
40,1,17,Options and features
40,2,18,Resale value
40,2,12,Pre-purchase independent inspection
40,2,11,Pre-approved loan for the vehicle
40,2,16,Vehicle seating capacity
40,2,9,Customer satisfaction return window
40,3,15,Purchase price
40,3,19,Insurance cost
40,3,10,Spare tires and jacking tools included
40,3,3,Maintenance records available
40,3,20,Vehicle age
40,4,13,Test-driving the vehicle
40,4,6,Where was the vehicle bought/used?
40,4,7,Vehicle fuel efficiency
40,4,2,Brand reputation
40,4,4,Number of previous owners
40,5,8,Vehicle warranty
40,5,22,Cargo space
40,5,15,Purchase price
40,5,20,Vehicle age
40,5,22,Cargo space
40,6,4,Number of previous owners
40,6,18,Resale value
40,6,5,Vehicle history report available
40,6,12,Pre-purchase independent inspection
40,6,9,Customer satisfaction return window
41,1,18,Resale value
41,1,17,Options and features
41,1,6,Where was the vehicle bought/used?
41,1,4,Number of previous owners
41,1,13,Test-driving the vehicle
41,2,1,Certified Pre-Owned (CPO) vehicle
41,2,21,Interior/exterior condition
41,2,15,Purchase price
41,2,8,Vehicle warranty
41,2,16,Vehicle seating capacity
41,3,19,Insurance cost
41,3,12,Pre-purchase independent inspection
41,3,14,Mileage on the vehicle
41,3,5,Vehicle history report available
41,3,7,Vehicle fuel efficiency
41,4,20,Vehicle age
41,4,2,Brand reputation
41,4,10,Spare tires and jacking tools included
41,4,3,Maintenance records available
41,4,11,Pre-approved loan for the vehicle
41,5,22,Cargo space
41,5,9,Customer satisfaction return window
41,5,3,Maintenance records available
41,5,12,Pre-purchase independent inspection
41,5,4,Number of previous owners
41,6,11,Pre-approved loan for the vehicle
41,6,20,Vehicle age
41,6,21,Interior/exterior condition
41,6,15,Purchase price
41,6,6,Where was the vehicle bought/used?
42,1,3,Maintenance records available
42,1,21,Interior/exterior condition
42,1,1,Certified Pre-Owned (CPO) vehicle
42,1,22,Cargo space
42,1,8,Vehicle warranty
42,2,4,Number of previous owners
42,2,5,Vehicle history report available
42,2,14,Mileage on the vehicle
42,2,11,Pre-approved loan for the vehicle
42,2,15,Purchase price
42,3,12,Pre-purchase independent inspection
42,3,18,Resale value
42,3,6,Where was the vehicle bought/used?
42,3,16,Vehicle seating capacity
42,3,10,Spare tires and jacking tools included
42,4,20,Vehicle age
42,4,9,Customer satisfaction return window
42,4,7,Vehicle fuel efficiency
42,4,19,Insurance cost
42,4,17,Options and features
42,5,13,Test-driving the vehicle
42,5,2,Brand reputation
42,5,11,Pre-approved loan for the vehicle
42,5,12,Pre-purchase independent inspection
42,5,21,Interior/exterior condition
42,6,19,Insurance cost
42,6,6,Where was the vehicle bought/used?
42,6,18,Resale value
42,6,16,Vehicle seating capacity
42,6,2,Brand reputation
43,1,8,Vehicle warranty
43,1,6,Where was the vehicle bought/used?
43,1,2,Brand reputation
43,1,14,Mileage on the vehicle
43,1,20,Vehicle age
43,2,22,Cargo space
43,2,7,Vehicle fuel efficiency
43,2,18,Resale value
43,2,5,Vehicle history report available
43,2,12,Pre-purchase independent inspection
43,3,10,Spare tires and jacking tools included
43,3,9,Customer satisfaction return window
43,3,16,Vehicle seating capacity
43,3,17,Options and features
43,3,13,Test-driving the vehicle
43,4,4,Number of previous owners
43,4,15,Purchase price
43,4,3,Maintenance records available
43,4,1,Certified Pre-Owned (CPO) vehicle
43,4,11,Pre-approved loan for the vehicle
43,5,21,Interior/exterior condition
43,5,19,Insurance cost
43,5,17,Options and features
43,5,9,Customer satisfaction return window
43,5,22,Cargo space
43,6,2,Brand reputation
43,6,4,Number of previous owners
43,6,12,Pre-purchase independent inspection
43,6,7,Vehicle fuel efficiency
43,6,1,Certified Pre-Owned (CPO) vehicle
44,1,4,Number of previous owners
44,1,18,Resale value
44,1,8,Vehicle warranty
44,1,11,Pre-approved loan for the vehicle
44,1,14,Mileage on the vehicle
44,2,19,Insurance cost
44,2,17,Options and features
44,2,15,Purchase price
44,2,21,Interior/exterior condition
44,2,6,Where was the vehicle bought/used?
44,3,13,Test-driving the vehicle
44,3,7,Vehicle fuel efficiency
44,3,16,Vehicle seating capacity
44,3,1,Certified Pre-Owned (CPO) vehicle
44,3,2,Brand reputation
44,4,12,Pre-purchase independent inspection
44,4,10,Spare tires and jacking tools included
44,4,22,Cargo space
44,4,9,Customer satisfaction return window
44,4,20,Vehicle age
44,5,5,Vehicle history report available
44,5,3,Maintenance records available
44,5,10,Spare tires and jacking tools included
44,5,5,Vehicle history report available
44,5,9,Customer satisfaction return window
44,6,4,Number of previous owners
44,6,13,Test-driving the vehicle
44,6,14,Mileage on the vehicle
44,6,1,Certified Pre-Owned (CPO) vehicle
44,6,19,Insurance cost
45,1,21,Interior/exterior condition
45,1,6,Where was the vehicle bought/used?
45,1,18,Resale value
45,1,5,Vehicle history report available
45,1,22,Cargo space
45,2,19,Insurance cost
45,2,12,Pre-purchase independent inspection
45,2,20,Vehicle age
45,2,11,Pre-approved loan for the vehicle
45,2,17,Options and features
45,3,15,Purchase price
45,3,1,Certified Pre-Owned (CPO) vehicle
45,3,9,Customer satisfaction return window
45,3,8,Vehicle warranty
45,3,13,Test-driving the vehicle
45,4,10,Spare tires and jacking tools included
45,4,16,Vehicle seating capacity
45,4,3,Maintenance records available
45,4,14,Mileage on the vehicle
45,4,2,Brand reputation
45,5,7,Vehicle fuel efficiency
45,5,4,Number of previous owners
45,5,18,Resale value
45,5,17,Options and features
45,5,9,Customer satisfaction return window
45,6,8,Vehicle warranty
45,6,19,Insurance cost
45,6,22,Cargo space
45,6,7,Vehicle fuel efficiency
45,6,6,Where was the vehicle bought/used?
46,1,12,Pre-purchase independent inspection
46,1,4,Number of previous owners
46,1,19,Insurance cost
46,1,3,Maintenance records available
46,1,20,Vehicle age
46,2,7,Vehicle fuel efficiency
46,2,9,Customer satisfaction return window
46,2,22,Cargo space
46,2,6,Where was the vehicle bought/used?
46,2,14,Mileage on the vehicle
46,3,10,Spare tires and jacking tools included
46,3,8,Vehicle warranty
46,3,2,Brand reputation
46,3,15,Purchase price
46,3,5,Vehicle history report available
46,4,13,Test-driving the vehicle
46,4,17,Options and features
46,4,18,Resale value
46,4,21,Interior/exterior condition
46,4,11,Pre-approved loan for the vehicle
46,5,1,Certified Pre-Owned (CPO) vehicle
46,5,16,Vehicle seating capacity
46,5,18,Resale value
46,5,21,Interior/exterior condition
46,5,15,Purchase price
46,6,1,Certified Pre-Owned (CPO) vehicle
46,6,14,Mileage on the vehicle
46,6,12,Pre-purchase independent inspection
46,6,6,Where was the vehicle bought/used?
46,6,7,Vehicle fuel efficiency
47,1,6,Where was the vehicle bought/used?
47,1,20,Vehicle age
47,1,12,Pre-purchase independent inspection
47,1,21,Interior/exterior condition
47,1,11,Pre-approved loan for the vehicle
47,2,3,Maintenance records available
47,2,16,Vehicle seating capacity
47,2,10,Spare tires and jacking tools included
47,2,2,Brand reputation
47,2,14,Mileage on the vehicle
47,3,5,Vehicle history report available
47,3,22,Cargo space
47,3,8,Vehicle warranty
47,3,18,Resale value
47,3,19,Insurance cost
47,4,13,Test-driving the vehicle
47,4,4,Number of previous owners
47,4,7,Vehicle fuel efficiency
47,4,9,Customer satisfaction return window
47,4,1,Certified Pre-Owned (CPO) vehicle
47,5,15,Purchase price
47,5,17,Options and features
47,5,9,Customer satisfaction return window
47,5,2,Brand reputation
47,5,11,Pre-approved loan for the vehicle
47,6,4,Number of previous owners
47,6,6,Where was the vehicle bought/used?
47,6,5,Vehicle history report available
47,6,15,Purchase price
47,6,10,Spare tires and jacking tools included
48,1,7,Vehicle fuel efficiency
48,1,3,Maintenance records available
48,1,15,Purchase price
48,1,5,Vehicle history report available
48,1,18,Resale value
48,2,9,Customer satisfaction return window
48,2,2,Brand reputation
48,2,6,Where was the vehicle bought/used?
48,2,17,Options and features
48,2,8,Vehicle warranty
48,3,4,Number of previous owners
48,3,14,Mileage on the vehicle
48,3,1,Certified Pre-Owned (CPO) vehicle
48,3,21,Interior/exterior condition
48,3,12,Pre-purchase independent inspection
48,4,11,Pre-approved loan for the vehicle
48,4,13,Test-driving the vehicle
48,4,19,Insurance cost
48,4,20,Vehicle age
48,4,10,Spare tires and jacking tools included
48,5,22,Cargo space
48,5,16,Vehicle seating capacity
48,5,11,Pre-approved loan for the vehicle
48,5,10,Spare tires and jacking tools included
48,5,12,Pre-purchase independent inspection
48,6,9,Customer satisfaction return window
48,6,8,Vehicle warranty
48,6,19,Insurance cost
48,6,18,Resale value
48,6,17,Options and features
49,1,18,Resale value
49,1,11,Pre-approved loan for the vehicle
49,1,12,Pre-purchase independent inspection
49,1,5,Vehicle history report available
49,1,9,Customer satisfaction return window
49,2,1,Certified Pre-Owned (CPO) vehicle
49,2,8,Vehicle warranty
49,2,17,Options and features
49,2,13,Test-driving the vehicle
49,2,4,Number of previous owners
49,3,3,Maintenance records available
49,3,6,Where was the vehicle bought/used?
49,3,2,Brand reputation
49,3,21,Interior/exterior condition
49,3,15,Purchase price
49,4,14,Mileage on the vehicle
49,4,19,Insurance cost
49,4,16,Vehicle seating capacity
49,4,7,Vehicle fuel efficiency
49,4,10,Spare tires and jacking tools included
49,5,20,Vehicle age
49,5,22,Cargo space
49,5,4,Number of previous owners
49,5,12,Pre-purchase independent inspection
49,5,16,Vehicle seating capacity
49,6,22,Cargo space
49,6,15,Purchase price
49,6,17,Options and features
49,6,18,Resale value
49,6,19,Insurance cost
50,1,11,Pre-approved loan for the vehicle
50,1,4,Number of previous owners
50,1,13,Test-driving the vehicle
50,1,2,Brand reputation
50,1,15,Purchase price
50,2,21,Interior/exterior condition
50,2,8,Vehicle warranty
50,2,14,Mileage on the vehicle
50,2,3,Maintenance records available
50,2,5,Vehicle history report available
50,3,10,Spare tires and jacking tools included
50,3,1,Certified Pre-Owned (CPO) vehicle
50,3,20,Vehicle age
50,3,19,Insurance cost
50,3,17,Options and features
50,4,16,Vehicle seating capacity
50,4,9,Customer satisfaction return window
50,4,22,Cargo space
50,4,6,Where was the vehicle bought/used?
50,4,12,Pre-purchase independent inspection
50,5,7,Vehicle fuel efficiency
50,5,18,Resale value
50,5,15,Purchase price
50,5,14,Mileage on the vehicle
50,5,2,Brand reputation
50,6,4,Number of previous owners
50,6,6,Where was the vehicle bought/used?
50,6,1,Certified Pre-Owned (CPO) vehicle
50,6,5,Vehicle history report available
50,6,21,Interior/exterior condition
51,1,5,Vehicle history report available
51,1,3,Maintenance records available
51,1,4,Number of previous owners
51,1,7,Vehicle fuel efficiency
51,1,11,Pre-approved loan for the vehicle
51,2,16,Vehicle seating capacity
51,2,19,Insurance cost
51,2,1,Certified Pre-Owned (CPO) vehicle
51,2,20,Vehicle age
51,2,14,Mileage on the vehicle
51,3,2,Brand reputation
51,3,8,Vehicle warranty
51,3,6,Where was the vehicle bought/used?
51,3,18,Resale value
51,3,9,Customer satisfaction return window
51,4,13,Test-driving the vehicle
51,4,17,Options and features
51,4,12,Pre-purchase independent inspection
51,4,10,Spare tires and jacking tools included
51,4,22,Cargo space
51,5,21,Interior/exterior condition
51,5,15,Purchase price
51,5,13,Test-driving the vehicle
51,5,6,Where was the vehicle bought/used?
51,5,14,Mileage on the vehicle
51,6,22,Cargo space
51,6,12,Pre-purchase independent inspection
51,6,16,Vehicle seating capacity
51,6,4,Number of previous owners
51,6,21,Interior/exterior condition
52,1,8,Vehicle warranty
52,1,11,Pre-approved loan for the vehicle
52,1,1,Certified Pre-Owned (CPO) vehicle
52,1,22,Cargo space
52,1,15,Purchase price
52,2,2,Brand reputation
52,2,10,Spare tires and jacking tools included
52,2,3,Maintenance records available
52,2,13,Test-driving the vehicle
52,2,4,Number of previous owners
52,3,18,Resale value
52,3,14,Mileage on the vehicle
52,3,17,Options and features
52,3,12,Pre-purchase independent inspection
52,3,19,Insurance cost
52,4,6,Where was the vehicle bought/used?
52,4,5,Vehicle history report available
52,4,20,Vehicle age
52,4,16,Vehicle seating capacity
52,4,7,Vehicle fuel efficiency
52,5,9,Customer satisfaction return window
52,5,21,Interior/exterior condition
52,5,8,Vehicle warranty
52,5,6,Where was the vehicle bought/used?
52,5,20,Vehicle age
52,6,10,Spare tires and jacking tools included
52,6,1,Certified Pre-Owned (CPO) vehicle
52,6,22,Cargo space
52,6,16,Vehicle seating capacity
52,6,7,Vehicle fuel efficiency
53,1,2,Brand reputation
53,1,12,Pre-purchase independent inspection
53,1,9,Customer satisfaction return window
53,1,14,Mileage on the vehicle
53,1,6,Where was the vehicle bought/used?
53,2,3,Maintenance records available
53,2,15,Purchase price
53,2,19,Insurance cost
53,2,21,Interior/exterior condition
53,2,18,Resale value
53,3,7,Vehicle fuel efficiency
53,3,22,Cargo space
53,3,16,Vehicle seating capacity
53,3,17,Options and features
53,3,1,Certified Pre-Owned (CPO) vehicle
53,4,5,Vehicle history report available
53,4,13,Test-driving the vehicle
53,4,20,Vehicle age
53,4,11,Pre-approved loan for the vehicle
53,4,4,Number of previous owners
53,5,10,Spare tires and jacking tools included
53,5,8,Vehicle warranty
53,5,18,Resale value
53,5,13,Test-driving the vehicle
53,5,11,Pre-approved loan for the vehicle
53,6,9,Customer satisfaction return window
53,6,12,Pre-purchase independent inspection
53,6,10,Spare tires and jacking tools included
53,6,15,Purchase price
53,6,22,Cargo space
54,1,22,Cargo space
54,1,16,Vehicle seating capacity
54,1,2,Brand reputation
54,1,20,Vehicle age
54,1,3,Maintenance records available
54,2,6,Where was the vehicle bought/used?
54,2,11,Pre-approved loan for the vehicle
54,2,18,Resale value
54,2,10,Spare tires and jacking tools included
54,2,13,Test-driving the vehicle
54,3,5,Vehicle history report available
54,3,9,Customer satisfaction return window
54,3,7,Vehicle fuel efficiency
54,3,21,Interior/exterior condition
54,3,1,Certified Pre-Owned (CPO) vehicle
54,4,17,Options and features
54,4,8,Vehicle warranty
54,4,15,Purchase price
54,4,19,Insurance cost
54,4,14,Mileage on the vehicle
54,5,4,Number of previous owners
54,5,12,Pre-purchase independent inspection
54,5,11,Pre-approved loan for the vehicle
54,5,8,Vehicle warranty
54,5,4,Number of previous owners
54,6,22,Cargo space
54,6,10,Spare tires and jacking tools included
54,6,5,Vehicle history report available
54,6,18,Resale value
54,6,6,Where was the vehicle bought/used?
55,1,11,Pre-approved loan for the vehicle
55,1,10,Spare tires and jacking tools included
55,1,16,Vehicle seating capacity
55,1,2,Brand reputation
55,1,19,Insurance cost
55,2,22,Cargo space
55,2,14,Mileage on the vehicle
55,2,9,Customer satisfaction return window
55,2,15,Purchase price
55,2,7,Vehicle fuel efficiency
55,3,18,Resale value
55,3,3,Maintenance records available
55,3,20,Vehicle age
55,3,8,Vehicle warranty
55,3,6,Where was the vehicle bought/used?
55,4,21,Interior/exterior condition
55,4,1,Certified Pre-Owned (CPO) vehicle
55,4,13,Test-driving the vehicle
55,4,4,Number of previous owners
55,4,12,Pre-purchase independent inspection
55,5,5,Vehicle history report available
55,5,17,Options and features
55,5,3,Maintenance records available
55,5,14,Mileage on the vehicle
55,5,5,Vehicle history report available
55,6,2,Brand reputation
55,6,18,Resale value
55,6,4,Number of previous owners
55,6,21,Interior/exterior condition
55,6,20,Vehicle age
56,1,12,Pre-purchase independent inspection
56,1,3,Maintenance records available
56,1,16,Vehicle seating capacity
56,1,22,Cargo space
56,1,10,Spare tires and jacking tools included
56,2,21,Interior/exterior condition
56,2,13,Test-driving the vehicle
56,2,7,Vehicle fuel efficiency
56,2,15,Purchase price
56,2,11,Pre-approved loan for the vehicle
56,3,9,Customer satisfaction return window
56,3,4,Number of previous owners
56,3,18,Resale value
56,3,17,Options and features
56,3,5,Vehicle history report available
56,4,6,Where was the vehicle bought/used?
56,4,2,Brand reputation
56,4,14,Mileage on the vehicle
56,4,19,Insurance cost
56,4,1,Certified Pre-Owned (CPO) vehicle
56,5,8,Vehicle warranty
56,5,20,Vehicle age
56,5,14,Mileage on the vehicle
56,5,15,Purchase price
56,5,7,Vehicle fuel efficiency
56,6,13,Test-driving the vehicle
56,6,2,Brand reputation
56,6,1,Certified Pre-Owned (CPO) vehicle
56,6,16,Vehicle seating capacity
56,6,6,Where was the vehicle bought/used?
57,1,3,Maintenance records available
57,1,11,Pre-approved loan for the vehicle
57,1,9,Customer satisfaction return window
57,1,7,Vehicle fuel efficiency
57,1,2,Brand reputation
57,2,10,Spare tires and jacking tools included
57,2,17,Options and features
57,2,21,Interior/exterior condition
57,2,16,Vehicle seating capacity
57,2,6,Where was the vehicle bought/used?
57,3,20,Vehicle age
57,3,15,Purchase price
57,3,22,Cargo space
57,3,5,Vehicle history report available
57,3,4,Number of previous owners
57,4,1,Certified Pre-Owned (CPO) vehicle
57,4,8,Vehicle warranty
57,4,14,Mileage on the vehicle
57,4,18,Resale value
57,4,19,Insurance cost
57,5,12,Pre-purchase independent inspection
57,5,13,Test-driving the vehicle
57,5,1,Certified Pre-Owned (CPO) vehicle
57,5,9,Customer satisfaction return window
57,5,10,Spare tires and jacking tools included
57,6,17,Options and features
57,6,20,Vehicle age
57,6,11,Pre-approved loan for the vehicle
57,6,13,Test-driving the vehicle
57,6,14,Mileage on the vehicle
58,1,12,Pre-purchase independent inspection
58,1,3,Maintenance records available
58,1,2,Brand reputation
58,1,11,Pre-approved loan for the vehicle
58,1,9,Customer satisfaction return window
58,2,14,Mileage on the vehicle
58,2,17,Options and features
58,2,10,Spare tires and jacking tools included
58,2,18,Resale value
58,2,6,Where was the vehicle bought/used?
58,3,5,Vehicle history report available
58,3,8,Vehicle warranty
58,3,7,Vehicle fuel efficiency
58,3,15,Purchase price
58,3,13,Test-driving the vehicle
58,4,1,Certified Pre-Owned (CPO) vehicle
58,4,20,Vehicle age
58,4,21,Interior/exterior condition
58,4,22,Cargo space
58,4,16,Vehicle seating capacity
58,5,19,Insurance cost
58,5,4,Number of previous owners
58,5,18,Resale value
58,5,20,Vehicle age
58,5,14,Mileage on the vehicle
58,6,12,Pre-purchase independent inspection
58,6,16,Vehicle seating capacity
58,6,21,Interior/exterior condition
58,6,10,Spare tires and jacking tools included
58,6,5,Vehicle history report available
59,1,15,Purchase price
59,1,8,Vehicle warranty
59,1,21,Interior/exterior condition
59,1,3,Maintenance records available
59,1,20,Vehicle age
59,2,19,Insurance cost
59,2,1,Certified Pre-Owned (CPO) vehicle
59,2,13,Test-driving the vehicle
59,2,11,Pre-approved loan for the vehicle
59,2,22,Cargo space
59,3,18,Resale value
59,3,9,Customer satisfaction return window
59,3,5,Vehicle history report available
59,3,14,Mileage on the vehicle
59,3,10,Spare tires and jacking tools included
59,4,7,Vehicle fuel efficiency
59,4,4,Number of previous owners
59,4,12,Pre-purchase independent inspection
59,4,2,Brand reputation
59,4,6,Where was the vehicle bought/used?
59,5,16,Vehicle seating capacity
59,5,17,Options and features
59,5,21,Interior/exterior condition
59,5,22,Cargo space
59,5,16,Vehicle seating capacity
59,6,10,Spare tires and jacking tools included
59,6,6,Where was the vehicle bought/used?
59,6,18,Resale value
59,6,15,Purchase price
59,6,13,Test-driving the vehicle
60,1,12,Pre-purchase independent inspection
60,1,17,Options and features
60,1,1,Certified Pre-Owned (CPO) vehicle
60,1,5,Vehicle history report available
60,1,20,Vehicle age
60,2,11,Pre-approved loan for the vehicle
60,2,16,Vehicle seating capacity
60,2,6,Where was the vehicle bought/used?
60,2,15,Purchase price
60,2,13,Test-driving the vehicle
60,3,2,Brand reputation
60,3,22,Cargo space
60,3,10,Spare tires and jacking tools included
60,3,9,Customer satisfaction return window
60,3,4,Number of previous owners
60,4,3,Maintenance records available
60,4,18,Resale value
60,4,19,Insurance cost
60,4,7,Vehicle fuel efficiency
60,4,21,Interior/exterior condition
60,5,14,Mileage on the vehicle
60,5,8,Vehicle warranty
60,5,21,Interior/exterior condition
60,5,18,Resale value
60,5,22,Cargo space
60,6,5,Vehicle history report available
60,6,3,Maintenance records available
60,6,12,Pre-purchase independent inspection
60,6,9,Customer satisfaction return window
60,6,19,Insurance cost
61,1,6,Where was the vehicle bought/used?
61,1,2,Brand reputation
61,1,21,Interior/exterior condition
61,1,11,Pre-approved loan for the vehicle
61,1,14,Mileage on the vehicle
61,2,8,Vehicle warranty
61,2,1,Certified Pre-Owned (CPO) vehicle
61,2,4,Number of previous owners
61,2,20,Vehicle age
61,2,17,Options and features
61,3,10,Spare tires and jacking tools included
61,3,12,Pre-purchase independent inspection
61,3,16,Vehicle seating capacity
61,3,7,Vehicle fuel efficiency
61,3,15,Purchase price
61,4,13,Test-driving the vehicle
61,4,19,Insurance cost
61,4,3,Maintenance records available
61,4,22,Cargo space
61,4,5,Vehicle history report available
61,5,9,Customer satisfaction return window
61,5,18,Resale value
61,5,6,Where was the vehicle bought/used?
61,5,9,Customer satisfaction return window
61,5,22,Cargo space
61,6,2,Brand reputation
61,6,20,Vehicle age
61,6,15,Purchase price
61,6,21,Interior/exterior condition
61,6,17,Options and features
62,1,2,Brand reputation
62,1,19,Insurance cost
62,1,5,Vehicle history report available
62,1,7,Vehicle fuel efficiency
62,1,22,Cargo space
62,2,1,Certified Pre-Owned (CPO) vehicle
62,2,18,Resale value
62,2,20,Vehicle age
62,2,4,Number of previous owners
62,2,15,Purchase price
62,3,8,Vehicle warranty
62,3,21,Interior/exterior condition
62,3,10,Spare tires and jacking tools included
62,3,13,Test-driving the vehicle
62,3,6,Where was the vehicle bought/used?
62,4,12,Pre-purchase independent inspection
62,4,17,Options and features
62,4,9,Customer satisfaction return window
62,4,3,Maintenance records available
62,4,16,Vehicle seating capacity
62,5,14,Mileage on the vehicle
62,5,11,Pre-approved loan for the vehicle
62,5,7,Vehicle fuel efficiency
62,5,21,Interior/exterior condition
62,5,3,Maintenance records available
62,6,6,Where was the vehicle bought/used?
62,6,11,Pre-approved loan for the vehicle
62,6,5,Vehicle history report available
62,6,4,Number of previous owners
62,6,19,Insurance cost
63,1,9,Customer satisfaction return window
63,1,11,Pre-approved loan for the vehicle
63,1,19,Insurance cost
63,1,7,Vehicle fuel efficiency
63,1,1,Certified Pre-Owned (CPO) vehicle
63,2,5,Vehicle history report available
63,2,10,Spare tires and jacking tools included
63,2,14,Mileage on the vehicle
63,2,8,Vehicle warranty
63,2,3,Maintenance records available
63,3,12,Pre-purchase independent inspection
63,3,22,Cargo space
63,3,4,Number of previous owners
63,3,15,Purchase price
63,3,21,Interior/exterior condition
63,4,18,Resale value
63,4,13,Test-driving the vehicle
63,4,6,Where was the vehicle bought/used?
63,4,2,Brand reputation
63,4,20,Vehicle age
63,5,16,Vehicle seating capacity
63,5,17,Options and features
63,5,3,Maintenance records available
63,5,5,Vehicle history report available
63,5,7,Vehicle fuel efficiency
63,6,9,Customer satisfaction return window
63,6,11,Pre-approved loan for the vehicle
63,6,12,Pre-purchase independent inspection
63,6,21,Interior/exterior condition
63,6,2,Brand reputation
64,1,13,Test-driving the vehicle
64,1,17,Options and features
64,1,3,Maintenance records available
64,1,21,Interior/exterior condition
64,1,11,Pre-approved loan for the vehicle
64,2,20,Vehicle age
64,2,2,Brand reputation
64,2,10,Spare tires and jacking tools included
64,2,4,Number of previous owners
64,2,1,Certified Pre-Owned (CPO) vehicle
64,3,14,Mileage on the vehicle
64,3,7,Vehicle fuel efficiency
64,3,22,Cargo space
64,3,6,Where was the vehicle bought/used?
64,3,8,Vehicle warranty
64,4,12,Pre-purchase independent inspection
64,4,9,Customer satisfaction return window
64,4,19,Insurance cost
64,4,15,Purchase price
64,4,18,Resale value
64,5,5,Vehicle history report available
64,5,16,Vehicle seating capacity
64,5,9,Customer satisfaction return window
64,5,12,Pre-purchase independent inspection
64,5,3,Maintenance records available
64,6,22,Cargo space
64,6,14,Mileage on the vehicle
64,6,20,Vehicle age
64,6,16,Vehicle seating capacity
64,6,4,Number of previous owners
65,1,20,Vehicle age
65,1,3,Maintenance records available
65,1,6,Where was the vehicle bought/used?
65,1,13,Test-driving the vehicle
65,1,16,Vehicle seating capacity
65,2,15,Purchase price
65,2,11,Pre-approved loan for the vehicle
65,2,17,Options and features
65,2,4,Number of previous owners
65,2,22,Cargo space
65,3,8,Vehicle warranty
65,3,21,Interior/exterior condition
65,3,2,Brand reputation
65,3,18,Resale value
65,3,19,Insurance cost
65,4,1,Certified Pre-Owned (CPO) vehicle
65,4,9,Customer satisfaction return window
65,4,10,Spare tires and jacking tools included
65,4,5,Vehicle history report available
65,4,7,Vehicle fuel efficiency
65,5,14,Mileage on the vehicle
65,5,12,Pre-purchase independent inspection
65,5,6,Where was the vehicle bought/used?
65,5,8,Vehicle warranty
65,5,16,Vehicle seating capacity
65,6,19,Insurance cost
65,6,12,Pre-purchase independent inspection
65,6,2,Brand reputation
65,6,11,Pre-approved loan for the vehicle
65,6,4,Number of previous owners
66,1,19,Insurance cost
66,1,1,Certified Pre-Owned (CPO) vehicle
66,1,14,Mileage on the vehicle
66,1,8,Vehicle warranty
66,1,5,Vehicle history report available
66,2,21,Interior/exterior condition
66,2,18,Resale value
66,2,20,Vehicle age
66,2,17,Options and features
66,2,13,Test-driving the vehicle
66,3,3,Maintenance records available
66,3,2,Brand reputation
66,3,10,Spare tires and jacking tools included
66,3,7,Vehicle fuel efficiency
66,3,11,Pre-approved loan for the vehicle
66,4,16,Vehicle seating capacity
66,4,22,Cargo space
66,4,4,Number of previous owners
66,4,6,Where was the vehicle bought/used?
66,4,12,Pre-purchase independent inspection
66,5,15,Purchase price
66,5,9,Customer satisfaction return window
66,5,6,Where was the vehicle bought/used?
66,5,19,Insurance cost
66,5,15,Purchase price
66,6,16,Vehicle seating capacity
66,6,12,Pre-purchase independent inspection
66,6,1,Certified Pre-Owned (CPO) vehicle
66,6,17,Options and features
66,6,14,Mileage on the vehicle
67,1,12,Pre-purchase independent inspection
67,1,18,Resale value
67,1,2,Brand reputation
67,1,19,Insurance cost
67,1,5,Vehicle history report available
67,2,17,Options and features
67,2,1,Certified Pre-Owned (CPO) vehicle
67,2,9,Customer satisfaction return window
67,2,3,Maintenance records available
67,2,4,Number of previous owners
67,3,8,Vehicle warranty
67,3,11,Pre-approved loan for the vehicle
67,3,16,Vehicle seating capacity
67,3,7,Vehicle fuel efficiency
67,3,22,Cargo space
67,4,20,Vehicle age
67,4,6,Where was the vehicle bought/used?
67,4,14,Mileage on the vehicle
67,4,21,Interior/exterior condition
67,4,10,Spare tires and jacking tools included
67,5,15,Purchase price
67,5,13,Test-driving the vehicle
67,5,12,Pre-purchase independent inspection
67,5,19,Insurance cost
67,5,8,Vehicle warranty
67,6,22,Cargo space
67,6,1,Certified Pre-Owned (CPO) vehicle
67,6,15,Purchase price
67,6,5,Vehicle history report available
67,6,16,Vehicle seating capacity
68,1,22,Cargo space
68,1,10,Spare tires and jacking tools included
68,1,2,Brand reputation
68,1,5,Vehicle history report available
68,1,1,Certified Pre-Owned (CPO) vehicle
68,2,17,Options and features
68,2,18,Resale value
68,2,11,Pre-approved loan for the vehicle
68,2,14,Mileage on the vehicle
68,2,15,Purchase price
68,3,6,Where was the vehicle bought/used?
68,3,16,Vehicle seating capacity
68,3,8,Vehicle warranty
68,3,3,Maintenance records available
68,3,13,Test-driving the vehicle
68,4,19,Insurance cost
68,4,21,Interior/exterior condition
68,4,9,Customer satisfaction return window
68,4,12,Pre-purchase independent inspection
68,4,7,Vehicle fuel efficiency
68,5,20,Vehicle age
68,5,4,Number of previous owners
68,5,21,Interior/exterior condition
68,5,22,Cargo space
68,5,11,Pre-approved loan for the vehicle
68,6,4,Number of previous owners
68,6,8,Vehicle warranty
68,6,10,Spare tires and jacking tools included
68,6,18,Resale value
68,6,5,Vehicle history report available
69,1,20,Vehicle age
69,1,21,Interior/exterior condition
69,1,1,Certified Pre-Owned (CPO) vehicle
69,1,8,Vehicle warranty
69,1,9,Customer satisfaction return window
69,2,10,Spare tires and jacking tools included
69,2,7,Vehicle fuel efficiency
69,2,18,Resale value
69,2,14,Mileage on the vehicle
69,2,6,Where was the vehicle bought/used?
69,3,13,Test-driving the vehicle
69,3,4,Number of previous owners
69,3,15,Purchase price
69,3,2,Brand reputation
69,3,5,Vehicle history report available
69,4,16,Vehicle seating capacity
69,4,17,Options and features
69,4,3,Maintenance records available
69,4,19,Insurance cost
69,4,11,Pre-approved loan for the vehicle
69,5,12,Pre-purchase independent inspection
69,5,22,Cargo space
69,5,19,Insurance cost
69,5,11,Pre-approved loan for the vehicle
69,5,8,Vehicle warranty
69,6,4,Number of previous owners
69,6,7,Vehicle fuel efficiency
69,6,3,Maintenance records available
69,6,16,Vehicle seating capacity
69,6,6,Where was the vehicle bought/used?
70,1,4,Number of previous owners
70,1,9,Customer satisfaction return window
70,1,14,Mileage on the vehicle
70,1,21,Interior/exterior condition
70,1,12,Pre-purchase independent inspection
70,2,19,Insurance cost
70,2,7,Vehicle fuel efficiency
70,2,8,Vehicle warranty
70,2,1,Certified Pre-Owned (CPO) vehicle
70,2,18,Resale value
70,3,2,Brand reputation
70,3,5,Vehicle history report available
70,3,15,Purchase price
70,3,20,Vehicle age
70,3,13,Test-driving the vehicle
70,4,17,Options and features
70,4,6,Where was the vehicle bought/used?
70,4,22,Cargo space
70,4,11,Pre-approved loan for the vehicle
70,4,16,Vehicle seating capacity
70,5,3,Maintenance records available
70,5,10,Spare tires and jacking tools included
70,5,13,Test-driving the vehicle
70,5,7,Vehicle fuel efficiency
70,5,17,Options and features
70,6,14,Mileage on the vehicle
70,6,2,Brand reputation
70,6,16,Vehicle seating capacity
70,6,9,Customer satisfaction return window
70,6,20,Vehicle age
71,1,5,Vehicle history report available
71,1,21,Interior/exterior condition
71,1,10,Spare tires and jacking tools included
71,1,2,Brand reputation
71,1,6,Where was the vehicle bought/used?
71,2,14,Mileage on the vehicle
71,2,15,Purchase price
71,2,3,Maintenance records available
71,2,11,Pre-approved loan for the vehicle
71,2,7,Vehicle fuel efficiency
71,3,19,Insurance cost
71,3,16,Vehicle seating capacity
71,3,9,Customer satisfaction return window
71,3,18,Resale value
71,3,17,Options and features
71,4,1,Certified Pre-Owned (CPO) vehicle
71,4,20,Vehicle age
71,4,13,Test-driving the vehicle
71,4,4,Number of previous owners
71,4,22,Cargo space
71,5,12,Pre-purchase independent inspection
71,5,8,Vehicle warranty
71,5,13,Test-driving the vehicle
71,5,10,Spare tires and jacking tools included
71,5,16,Vehicle seating capacity
71,6,15,Purchase price
71,6,22,Cargo space
71,6,9,Customer satisfaction return window
71,6,21,Interior/exterior condition
71,6,5,Vehicle history report available
72,1,15,Purchase price
72,1,19,Insurance cost
72,1,17,Options and features
72,1,9,Customer satisfaction return window
72,1,18,Resale value
72,2,20,Vehicle age
72,2,2,Brand reputation
72,2,22,Cargo space
72,2,3,Maintenance records available
72,2,8,Vehicle warranty
72,3,10,Spare tires and jacking tools included
72,3,21,Interior/exterior condition
72,3,1,Certified Pre-Owned (CPO) vehicle
72,3,13,Test-driving the vehicle
72,3,5,Vehicle history report available
72,4,14,Mileage on the vehicle
72,4,11,Pre-approved loan for the vehicle
72,4,6,Where was the vehicle bought/used?
72,4,12,Pre-purchase independent inspection
72,4,16,Vehicle seating capacity
72,5,7,Vehicle fuel efficiency
72,5,4,Number of previous owners
72,5,13,Test-driving the vehicle
72,5,1,Certified Pre-Owned (CPO) vehicle
72,5,5,Vehicle history report available
72,6,4,Number of previous owners
72,6,3,Maintenance records available
72,6,18,Resale value
72,6,12,Pre-purchase independent inspection
72,6,11,Pre-approved loan for the vehicle
73,1,12,Pre-purchase independent inspection
73,1,1,Certified Pre-Owned (CPO) vehicle
73,1,16,Vehicle seating capacity
73,1,7,Vehicle fuel efficiency
73,1,15,Purchase price
73,2,22,Cargo space
73,2,10,Spare tires and jacking tools included
73,2,2,Brand reputation
73,2,5,Vehicle history report available
73,2,11,Pre-approved loan for the vehicle
73,3,14,Mileage on the vehicle
73,3,18,Resale value
73,3,20,Vehicle age
73,3,19,Insurance cost
73,3,21,Interior/exterior condition
73,4,13,Test-driving the vehicle
73,4,3,Maintenance records available
73,4,8,Vehicle warranty
73,4,17,Options and features
73,4,6,Where was the vehicle bought/used?
73,5,9,Customer satisfaction return window
73,5,4,Number of previous owners
73,5,10,Spare tires and jacking tools included
73,5,3,Maintenance records available
73,5,18,Resale value
73,6,13,Test-driving the vehicle
73,6,8,Vehicle warranty
73,6,17,Options and features
73,6,19,Insurance cost
73,6,6,Where was the vehicle bought/used?
74,1,17,Options and features
74,1,10,Spare tires and jacking tools included
74,1,18,Resale value
74,1,2,Brand reputation
74,1,22,Cargo space
74,2,5,Vehicle history report available
74,2,9,Customer satisfaction return window
74,2,21,Interior/exterior condition
74,2,7,Vehicle fuel efficiency
74,2,15,Purchase price
74,3,6,Where was the vehicle bought/used?
74,3,16,Vehicle seating capacity
74,3,4,Number of previous owners
74,3,13,Test-driving the vehicle
74,3,14,Mileage on the vehicle
74,4,1,Certified Pre-Owned (CPO) vehicle
74,4,12,Pre-purchase independent inspection
74,4,11,Pre-approved loan for the vehicle
74,4,3,Maintenance records available
74,4,8,Vehicle warranty
74,5,20,Vehicle age
74,5,19,Insurance cost
74,5,14,Mileage on the vehicle
74,5,2,Brand reputation
74,5,18,Resale value
74,6,9,Customer satisfaction return window
74,6,21,Interior/exterior condition
74,6,7,Vehicle fuel efficiency
74,6,1,Certified Pre-Owned (CPO) vehicle
74,6,16,Vehicle seating capacity
75,1,13,Test-driving the vehicle
75,1,6,Where was the vehicle bought/used?
75,1,7,Vehicle fuel efficiency
75,1,2,Brand reputation
75,1,5,Vehicle history report available
75,2,9,Customer satisfaction return window
75,2,14,Mileage on the vehicle
75,2,12,Pre-purchase independent inspection
75,2,19,Insurance cost
75,2,22,Cargo space
75,3,20,Vehicle age
75,3,21,Interior/exterior condition
75,3,1,Certified Pre-Owned (CPO) vehicle
75,3,10,Spare tires and jacking tools included
75,3,16,Vehicle seating capacity
75,4,17,Options and features
75,4,18,Resale value
75,4,4,Number of previous owners
75,4,3,Maintenance records available
75,4,8,Vehicle warranty
75,5,11,Pre-approved loan for the vehicle
75,5,15,Purchase price
75,5,7,Vehicle fuel efficiency
75,5,11,Pre-approved loan for the vehicle
75,5,1,Certified Pre-Owned (CPO) vehicle
75,6,14,Mileage on the vehicle
75,6,20,Vehicle age
75,6,18,Resale value
75,6,3,Maintenance records available
75,6,4,Number of previous owners
76,1,9,Customer satisfaction return window
76,1,18,Resale value
76,1,16,Vehicle seating capacity
76,1,12,Pre-purchase independent inspection
76,1,8,Vehicle warranty
76,2,15,Purchase price
76,2,13,Test-driving the vehicle
76,2,10,Spare tires and jacking tools included
76,2,7,Vehicle fuel efficiency
76,2,19,Insurance cost
76,3,4,Number of previous owners
76,3,20,Vehicle age
76,3,3,Maintenance records available
76,3,1,Certified Pre-Owned (CPO) vehicle
76,3,21,Interior/exterior condition
76,4,2,Brand reputation
76,4,11,Pre-approved loan for the vehicle
76,4,14,Mileage on the vehicle
76,4,5,Vehicle history report available
76,4,6,Where was the vehicle bought/used?
76,5,17,Options and features
76,5,22,Cargo space
76,5,8,Vehicle warranty
76,5,2,Brand reputation
76,5,1,Certified Pre-Owned (CPO) vehicle
76,6,11,Pre-approved loan for the vehicle
76,6,10,Spare tires and jacking tools included
76,6,17,Options and features
76,6,12,Pre-purchase independent inspection
76,6,6,Where was the vehicle bought/used?
77,1,11,Pre-approved loan for the vehicle
77,1,13,Test-driving the vehicle
77,1,16,Vehicle seating capacity
77,1,15,Purchase price
77,1,19,Insurance cost
77,2,9,Customer satisfaction return window
77,2,12,Pre-purchase independent inspection
77,2,8,Vehicle warranty
77,2,20,Vehicle age
77,2,21,Interior/exterior condition
77,3,18,Resale value
77,3,1,Certified Pre-Owned (CPO) vehicle
77,3,4,Number of previous owners
77,3,10,Spare tires and jacking tools included
77,3,6,Where was the vehicle bought/used?
77,4,14,Mileage on the vehicle
77,4,7,Vehicle fuel efficiency
77,4,5,Vehicle history report available
77,4,22,Cargo space
77,4,17,Options and features
77,5,2,Brand reputation
77,5,3,Maintenance records available
77,5,8,Vehicle warranty
77,5,2,Brand reputation
77,5,5,Vehicle history report available
77,6,9,Customer satisfaction return window
77,6,17,Options and features
77,6,19,Insurance cost
77,6,12,Pre-purchase independent inspection
77,6,7,Vehicle fuel efficiency
78,1,4,Number of previous owners
78,1,6,Where was the vehicle bought/used?
78,1,11,Pre-approved loan for the vehicle
78,1,10,Spare tires and jacking tools included
78,1,8,Vehicle warranty
78,2,20,Vehicle age
78,2,7,Vehicle fuel efficiency
78,2,9,Customer satisfaction return window
78,2,15,Purchase price
78,2,19,Insurance cost
78,3,21,Interior/exterior condition
78,3,5,Vehicle history report available
78,3,3,Maintenance records available
78,3,2,Brand reputation
78,3,1,Certified Pre-Owned (CPO) vehicle
78,4,22,Cargo space
78,4,14,Mileage on the vehicle
78,4,12,Pre-purchase independent inspection
78,4,18,Resale value
78,4,17,Options and features
78,5,13,Test-driving the vehicle
78,5,16,Vehicle seating capacity
78,5,7,Vehicle fuel efficiency
78,5,17,Options and features
78,5,21,Interior/exterior condition
78,6,12,Pre-purchase independent inspection
78,6,22,Cargo space
78,6,13,Test-driving the vehicle
78,6,16,Vehicle seating capacity
78,6,10,Spare tires and jacking tools included
79,1,12,Pre-purchase independent inspection
79,1,9,Customer satisfaction return window
79,1,3,Maintenance records available
79,1,7,Vehicle fuel efficiency
79,1,1,Certified Pre-Owned (CPO) vehicle
79,2,6,Where was the vehicle bought/used?
79,2,15,Purchase price
79,2,18,Resale value
79,2,14,Mileage on the vehicle
79,2,13,Test-driving the vehicle
79,3,19,Insurance cost
79,3,10,Spare tires and jacking tools included
79,3,22,Cargo space
79,3,4,Number of previous owners
79,3,11,Pre-approved loan for the vehicle
79,4,20,Vehicle age
79,4,5,Vehicle history report available
79,4,2,Brand reputation
79,4,21,Interior/exterior condition
79,4,8,Vehicle warranty
79,5,17,Options and features
79,5,16,Vehicle seating capacity
79,5,21,Interior/exterior condition
79,5,18,Resale value
79,5,20,Vehicle age
79,6,4,Number of previous owners
79,6,16,Vehicle seating capacity
79,6,12,Pre-purchase independent inspection
79,6,8,Vehicle warranty
79,6,19,Insurance cost
80,1,17,Options and features
80,1,3,Maintenance records available
80,1,21,Interior/exterior condition
80,1,2,Brand reputation
80,1,5,Vehicle history report available
80,2,12,Pre-purchase independent inspection
80,2,4,Number of previous owners
80,2,16,Vehicle seating capacity
80,2,13,Test-driving the vehicle
80,2,15,Purchase price
80,3,20,Vehicle age
80,3,7,Vehicle fuel efficiency
80,3,22,Cargo space
80,3,18,Resale value
80,3,14,Mileage on the vehicle
80,4,8,Vehicle warranty
80,4,9,Customer satisfaction return window
80,4,11,Pre-approved loan for the vehicle
80,4,10,Spare tires and jacking tools included
80,4,6,Where was the vehicle bought/used?
80,5,1,Certified Pre-Owned (CPO) vehicle
80,5,19,Insurance cost
80,5,20,Vehicle age
80,5,6,Where was the vehicle bought/used?
80,5,12,Pre-purchase independent inspection
80,6,19,Insurance cost
80,6,8,Vehicle warranty
80,6,16,Vehicle seating capacity
80,6,21,Interior/exterior condition
80,6,22,Cargo space
81,1,1,Certified Pre-Owned (CPO) vehicle
81,1,14,Mileage on the vehicle
81,1,16,Vehicle seating capacity
81,1,22,Cargo space
81,1,18,Resale value
81,2,5,Vehicle history report available
81,2,19,Insurance cost
81,2,13,Test-driving the vehicle
81,2,17,Options and features
81,2,21,Interior/exterior condition
81,3,6,Where was the vehicle bought/used?
81,3,3,Maintenance records available
81,3,15,Purchase price
81,3,10,Spare tires and jacking tools included
81,3,20,Vehicle age
81,4,11,Pre-approved loan for the vehicle
81,4,12,Pre-purchase independent inspection
81,4,4,Number of previous owners
81,4,8,Vehicle warranty
81,4,7,Vehicle fuel efficiency
81,5,9,Customer satisfaction return window
81,5,2,Brand reputation
81,5,15,Purchase price
81,5,12,Pre-purchase independent inspection
81,5,20,Vehicle age
81,6,18,Resale value
81,6,1,Certified Pre-Owned (CPO) vehicle
81,6,14,Mileage on the vehicle
81,6,16,Vehicle seating capacity
81,6,8,Vehicle warranty
82,1,7,Vehicle fuel efficiency
82,1,21,Interior/exterior condition
82,1,19,Insurance cost
82,1,11,Pre-approved loan for the vehicle
82,1,15,Purchase price
82,2,14,Mileage on the vehicle
82,2,8,Vehicle warranty
82,2,16,Vehicle seating capacity
82,2,10,Spare tires and jacking tools included
82,2,13,Test-driving the vehicle
82,3,18,Resale value
82,3,6,Where was the vehicle bought/used?
82,3,4,Number of previous owners
82,3,3,Maintenance records available
82,3,17,Options and features
82,4,1,Certified Pre-Owned (CPO) vehicle
82,4,5,Vehicle history report available
82,4,9,Customer satisfaction return window
82,4,2,Brand reputation
82,4,12,Pre-purchase independent inspection
82,5,22,Cargo space
82,5,20,Vehicle age
82,5,9,Customer satisfaction return window
82,5,5,Vehicle history report available
82,5,10,Spare tires and jacking tools included
82,6,15,Purchase price
82,6,18,Resale value
82,6,14,Mileage on the vehicle
82,6,17,Options and features
82,6,19,Insurance cost
83,1,16,Vehicle seating capacity
83,1,13,Test-driving the vehicle
83,1,17,Options and features
83,1,10,Spare tires and jacking tools included
83,1,22,Cargo space
83,2,20,Vehicle age
83,2,4,Number of previous owners
83,2,12,Pre-purchase independent inspection
83,2,7,Vehicle fuel efficiency
83,2,1,Certified Pre-Owned (CPO) vehicle
83,3,19,Insurance cost
83,3,21,Interior/exterior condition
83,3,2,Brand reputation
83,3,5,Vehicle history report available
83,3,3,Maintenance records available
83,4,8,Vehicle warranty
83,4,9,Customer satisfaction return window
83,4,14,Mileage on the vehicle
83,4,6,Where was the vehicle bought/used?
83,4,11,Pre-approved loan for the vehicle
83,5,15,Purchase price
83,5,18,Resale value
83,5,14,Mileage on the vehicle
83,5,9,Customer satisfaction return window
83,5,20,Vehicle age
83,6,1,Certified Pre-Owned (CPO) vehicle
83,6,2,Brand reputation
83,6,13,Test-driving the vehicle
83,6,19,Insurance cost
83,6,11,Pre-approved loan for the vehicle
84,1,1,Certified Pre-Owned (CPO) vehicle
84,1,14,Mileage on the vehicle
84,1,10,Spare tires and jacking tools included
84,1,7,Vehicle fuel efficiency
84,1,20,Vehicle age
84,2,6,Where was the vehicle bought/used?
84,2,9,Customer satisfaction return window
84,2,16,Vehicle seating capacity
84,2,21,Interior/exterior condition
84,2,17,Options and features
84,3,8,Vehicle warranty
84,3,2,Brand reputation
84,3,11,Pre-approved loan for the vehicle
84,3,5,Vehicle history report available
84,3,4,Number of previous owners
84,4,13,Test-driving the vehicle
84,4,18,Resale value
84,4,15,Purchase price
84,4,19,Insurance cost
84,4,22,Cargo space
84,5,12,Pre-purchase independent inspection
84,5,3,Maintenance records available
84,5,22,Cargo space
84,5,13,Test-driving the vehicle
84,5,17,Options and features
84,6,20,Vehicle age
84,6,2,Brand reputation
84,6,15,Purchase price
84,6,19,Insurance cost
84,6,4,Number of previous owners
85,1,15,Purchase price
85,1,3,Maintenance records available
85,1,1,Certified Pre-Owned (CPO) vehicle
85,1,11,Pre-approved loan for the vehicle
85,1,16,Vehicle seating capacity
85,2,20,Vehicle age
85,2,2,Brand reputation
85,2,6,Where was the vehicle bought/used?
85,2,12,Pre-purchase independent inspection
85,2,5,Vehicle history report available
85,3,8,Vehicle warranty
85,3,22,Cargo space
85,3,18,Resale value
85,3,17,Options and features
85,3,10,Spare tires and jacking tools included
85,4,4,Number of previous owners
85,4,7,Vehicle fuel efficiency
85,4,19,Insurance cost
85,4,14,Mileage on the vehicle
85,4,21,Interior/exterior condition
85,5,13,Test-driving the vehicle
85,5,9,Customer satisfaction return window
85,5,5,Vehicle history report available
85,5,7,Vehicle fuel efficiency
85,5,11,Pre-approved loan for the vehicle
85,6,10,Spare tires and jacking tools included
85,6,8,Vehicle warranty
85,6,6,Where was the vehicle bought/used?
85,6,2,Brand reputation
85,6,13,Test-driving the vehicle
86,1,8,Vehicle warranty
86,1,1,Certified Pre-Owned (CPO) vehicle
86,1,2,Brand reputation
86,1,9,Customer satisfaction return window
86,1,5,Vehicle history report available
86,2,22,Cargo space
86,2,12,Pre-purchase independent inspection
86,2,15,Purchase price
86,2,3,Maintenance records available
86,2,20,Vehicle age
86,3,11,Pre-approved loan for the vehicle
86,3,7,Vehicle fuel efficiency
86,3,13,Test-driving the vehicle
86,3,18,Resale value
86,3,10,Spare tires and jacking tools included
86,4,19,Insurance cost
86,4,16,Vehicle seating capacity
86,4,4,Number of previous owners
86,4,17,Options and features
86,4,14,Mileage on the vehicle
86,5,21,Interior/exterior condition
86,5,6,Where was the vehicle bought/used?
86,5,4,Number of previous owners
86,5,2,Brand reputation
86,5,8,Vehicle warranty
86,6,17,Options and features
86,6,22,Cargo space
86,6,13,Test-driving the vehicle
86,6,9,Customer satisfaction return window
86,6,11,Pre-approved loan for the vehicle
87,1,17,Options and features
87,1,6,Where was the vehicle bought/used?
87,1,9,Customer satisfaction return window
87,1,14,Mileage on the vehicle
87,1,12,Pre-purchase independent inspection
87,2,19,Insurance cost
87,2,11,Pre-approved loan for the vehicle
87,2,18,Resale value
87,2,15,Purchase price
87,2,5,Vehicle history report available
87,3,7,Vehicle fuel efficiency
87,3,8,Vehicle warranty
87,3,21,Interior/exterior condition
87,3,2,Brand reputation
87,3,20,Vehicle age
87,4,10,Spare tires and jacking tools included
87,4,4,Number of previous owners
87,4,22,Cargo space
87,4,13,Test-driving the vehicle
87,4,1,Certified Pre-Owned (CPO) vehicle
87,5,3,Maintenance records available
87,5,16,Vehicle seating capacity
87,5,18,Resale value
87,5,20,Vehicle age
87,5,5,Vehicle history report available
87,6,6,Where was the vehicle bought/used?
87,6,10,Spare tires and jacking tools included
87,6,9,Customer satisfaction return window
87,6,12,Pre-purchase independent inspection
87,6,13,Test-driving the vehicle
88,1,17,Options and features
88,1,2,Brand reputation
88,1,7,Vehicle fuel efficiency
88,1,11,Pre-approved loan for the vehicle
88,1,15,Purchase price
88,2,12,Pre-purchase independent inspection
88,2,6,Where was the vehicle bought/used?
88,2,14,Mileage on the vehicle
88,2,16,Vehicle seating capacity
88,2,13,Test-driving the vehicle
88,3,10,Spare tires and jacking tools included
88,3,19,Insurance cost
88,3,3,Maintenance records available
88,3,20,Vehicle age
88,3,8,Vehicle warranty
88,4,21,Interior/exterior condition
88,4,4,Number of previous owners
88,4,9,Customer satisfaction return window
88,4,18,Resale value
88,4,22,Cargo space
88,5,1,Certified Pre-Owned (CPO) vehicle
88,5,5,Vehicle history report available
88,5,5,Vehicle history report available
88,5,2,Brand reputation
88,5,4,Number of previous owners
88,6,22,Cargo space
88,6,16,Vehicle seating capacity
88,6,14,Mileage on the vehicle
88,6,15,Purchase price
88,6,20,Vehicle age
89,1,18,Resale value
89,1,1,Certified Pre-Owned (CPO) vehicle
89,1,6,Where was the vehicle bought/used?
89,1,2,Brand reputation
89,1,16,Vehicle seating capacity
89,2,3,Maintenance records available
89,2,19,Insurance cost
89,2,22,Cargo space
89,2,9,Customer satisfaction return window
89,2,5,Vehicle history report available
89,3,15,Purchase price
89,3,11,Pre-approved loan for the vehicle
89,3,12,Pre-purchase independent inspection
89,3,17,Options and features
89,3,20,Vehicle age
89,4,4,Number of previous owners
89,4,21,Interior/exterior condition
89,4,13,Test-driving the vehicle
89,4,14,Mileage on the vehicle
89,4,8,Vehicle warranty
89,5,10,Spare tires and jacking tools included
89,5,7,Vehicle fuel efficiency
89,5,10,Spare tires and jacking tools included
89,5,11,Pre-approved loan for the vehicle
89,5,19,Insurance cost
89,6,15,Purchase price
89,6,6,Where was the vehicle bought/used?
89,6,13,Test-driving the vehicle
89,6,22,Cargo space
89,6,9,Customer satisfaction return window
90,1,21,Interior/exterior condition
90,1,8,Vehicle warranty
90,1,22,Cargo space
90,1,14,Mileage on the vehicle
90,1,11,Pre-approved loan for the vehicle
90,2,12,Pre-purchase independent inspection
90,2,7,Vehicle fuel efficiency
90,2,3,Maintenance records available
90,2,5,Vehicle history report available
90,2,16,Vehicle seating capacity
90,3,15,Purchase price
90,3,19,Insurance cost
90,3,10,Spare tires and jacking tools included
90,3,13,Test-driving the vehicle
90,3,20,Vehicle age
90,4,4,Number of previous owners
90,4,17,Options and features
90,4,18,Resale value
90,4,1,Certified Pre-Owned (CPO) vehicle
90,4,2,Brand reputation
90,5,9,Customer satisfaction return window
90,5,6,Where was the vehicle bought/used?
90,5,8,Vehicle warranty
90,5,22,Cargo space
90,5,7,Vehicle fuel efficiency
90,6,15,Purchase price
90,6,4,Number of previous owners
90,6,19,Insurance cost
90,6,2,Brand reputation
90,6,6,Where was the vehicle bought/used?
91,1,6,Where was the vehicle bought/used?
91,1,21,Interior/exterior condition
91,1,4,Number of previous owners
91,1,9,Customer satisfaction return window
91,1,18,Resale value
91,2,19,Insurance cost
91,2,14,Mileage on the vehicle
91,2,16,Vehicle seating capacity
91,2,12,Pre-purchase independent inspection
91,2,5,Vehicle history report available
91,3,1,Certified Pre-Owned (CPO) vehicle
91,3,22,Cargo space
91,3,10,Spare tires and jacking tools included
91,3,13,Test-driving the vehicle
91,3,3,Maintenance records available
91,4,20,Vehicle age
91,4,15,Purchase price
91,4,2,Brand reputation
91,4,8,Vehicle warranty
91,4,11,Pre-approved loan for the vehicle
91,5,17,Options and features
91,5,7,Vehicle fuel efficiency
91,5,20,Vehicle age
91,5,6,Where was the vehicle bought/used?
91,5,13,Test-driving the vehicle
91,6,4,Number of previous owners
91,6,3,Maintenance records available
91,6,15,Purchase price
91,6,22,Cargo space
91,6,1,Certified Pre-Owned (CPO) vehicle
92,1,12,Pre-purchase independent inspection
92,1,2,Brand reputation
92,1,4,Number of previous owners
92,1,18,Resale value
92,1,21,Interior/exterior condition
92,2,15,Purchase price
92,2,8,Vehicle warranty
92,2,3,Maintenance records available
92,2,11,Pre-approved loan for the vehicle
92,2,9,Customer satisfaction return window
92,3,10,Spare tires and jacking tools included
92,3,22,Cargo space
92,3,20,Vehicle age
92,3,7,Vehicle fuel efficiency
92,3,5,Vehicle history report available
92,4,13,Test-driving the vehicle
92,4,14,Mileage on the vehicle
92,4,1,Certified Pre-Owned (CPO) vehicle
92,4,16,Vehicle seating capacity
92,4,17,Options and features
92,5,6,Where was the vehicle bought/used?
92,5,19,Insurance cost
92,5,15,Purchase price
92,5,5,Vehicle history report available
92,5,18,Resale value
92,6,3,Maintenance records available
92,6,13,Test-driving the vehicle
92,6,12,Pre-purchase independent inspection
92,6,21,Interior/exterior condition
92,6,14,Mileage on the vehicle
93,1,11,Pre-approved loan for the vehicle
93,1,13,Test-driving the vehicle
93,1,18,Resale value
93,1,22,Cargo space
93,1,8,Vehicle warranty
93,2,10,Spare tires and jacking tools included
93,2,15,Purchase price
93,2,21,Interior/exterior condition
93,2,9,Customer satisfaction return window
93,2,7,Vehicle fuel efficiency
93,3,2,Brand reputation
93,3,19,Insurance cost
93,3,3,Maintenance records available
93,3,1,Certified Pre-Owned (CPO) vehicle
93,3,5,Vehicle history report available
93,4,6,Where was the vehicle bought/used?
93,4,20,Vehicle age
93,4,16,Vehicle seating capacity
93,4,14,Mileage on the vehicle
93,4,17,Options and features
93,5,4,Number of previous owners
93,5,12,Pre-purchase independent inspection
93,5,17,Options and features
93,5,19,Insurance cost
93,5,9,Customer satisfaction return window
93,6,18,Resale value
93,6,7,Vehicle fuel efficiency
93,6,14,Mileage on the vehicle
93,6,21,Interior/exterior condition
93,6,6,Where was the vehicle bought/used?
94,1,21,Interior/exterior condition
94,1,8,Vehicle warranty
94,1,10,Spare tires and jacking tools included
94,1,12,Pre-purchase independent inspection
94,1,11,Pre-approved loan for the vehicle
94,2,15,Purchase price
94,2,13,Test-driving the vehicle
94,2,1,Certified Pre-Owned (CPO) vehicle
94,2,16,Vehicle seating capacity
94,2,3,Maintenance records available
94,3,6,Where was the vehicle bought/used?
94,3,17,Options and features
94,3,5,Vehicle history report available
94,3,18,Resale value
94,3,4,Number of previous owners
94,4,7,Vehicle fuel efficiency
94,4,14,Mileage on the vehicle
94,4,9,Customer satisfaction return window
94,4,2,Brand reputation
94,4,19,Insurance cost
94,5,22,Cargo space
94,5,20,Vehicle age
94,5,14,Mileage on the vehicle
94,5,1,Certified Pre-Owned (CPO) vehicle
94,5,8,Vehicle warranty
94,6,5,Vehicle history report available
94,6,12,Pre-purchase independent inspection
94,6,20,Vehicle age
94,6,21,Interior/exterior condition
94,6,13,Test-driving the vehicle
95,1,6,Where was the vehicle bought/used?
95,1,4,Number of previous owners
95,1,12,Pre-purchase independent inspection
95,1,21,Interior/exterior condition
95,1,16,Vehicle seating capacity
95,2,13,Test-driving the vehicle
95,2,2,Brand reputation
95,2,9,Customer satisfaction return window
95,2,10,Spare tires and jacking tools included
95,2,18,Resale value
95,3,8,Vehicle warranty
95,3,17,Options and features
95,3,3,Maintenance records available
95,3,7,Vehicle fuel efficiency
95,3,1,Certified Pre-Owned (CPO) vehicle
95,4,15,Purchase price
95,4,22,Cargo space
95,4,20,Vehicle age
95,4,11,Pre-approved loan for the vehicle
95,4,5,Vehicle history report available
95,5,14,Mileage on the vehicle
95,5,19,Insurance cost
95,5,15,Purchase price
95,5,19,Insurance cost
95,5,3,Maintenance records available
95,6,22,Cargo space
95,6,20,Vehicle age
95,6,16,Vehicle seating capacity
95,6,21,Interior/exterior condition
95,6,1,Certified Pre-Owned (CPO) vehicle
96,1,3,Maintenance records available
96,1,18,Resale value
96,1,11,Pre-approved loan for the vehicle
96,1,5,Vehicle history report available
96,1,14,Mileage on the vehicle
96,2,1,Certified Pre-Owned (CPO) vehicle
96,2,15,Purchase price
96,2,2,Brand reputation
96,2,21,Interior/exterior condition
96,2,17,Options and features
96,3,7,Vehicle fuel efficiency
96,3,10,Spare tires and jacking tools included
96,3,12,Pre-purchase independent inspection
96,3,8,Vehicle warranty
96,3,20,Vehicle age
96,4,4,Number of previous owners
96,4,16,Vehicle seating capacity
96,4,9,Customer satisfaction return window
96,4,19,Insurance cost
96,4,22,Cargo space
96,5,13,Test-driving the vehicle
96,5,6,Where was the vehicle bought/used?
96,5,9,Customer satisfaction return window
96,5,7,Vehicle fuel efficiency
96,5,5,Vehicle history report available
96,6,1,Certified Pre-Owned (CPO) vehicle
96,6,17,Options and features
96,6,2,Brand reputation
96,6,3,Maintenance records available
96,6,22,Cargo space
97,1,7,Vehicle fuel efficiency
97,1,13,Test-driving the vehicle
97,1,18,Resale value
97,1,2,Brand reputation
97,1,12,Pre-purchase independent inspection
97,2,19,Insurance cost
97,2,8,Vehicle warranty
97,2,22,Cargo space
97,2,21,Interior/exterior condition
97,2,20,Vehicle age
97,3,10,Spare tires and jacking tools included
97,3,4,Number of previous owners
97,3,17,Options and features
97,3,5,Vehicle history report available
97,3,1,Certified Pre-Owned (CPO) vehicle
97,4,14,Mileage on the vehicle
97,4,6,Where was the vehicle bought/used?
97,4,16,Vehicle seating capacity
97,4,9,Customer satisfaction return window
97,4,3,Maintenance records available
97,5,11,Pre-approved loan for the vehicle
97,5,15,Purchase price
97,5,15,Purchase price
97,5,9,Customer satisfaction return window
97,5,14,Mileage on the vehicle
97,6,3,Maintenance records available
97,6,13,Test-driving the vehicle
97,6,7,Vehicle fuel efficiency
97,6,6,Where was the vehicle bought/used?
97,6,19,Insurance cost
98,1,5,Vehicle history report available
98,1,1,Certified Pre-Owned (CPO) vehicle
98,1,16,Vehicle seating capacity
98,1,21,Interior/exterior condition
98,1,9,Customer satisfaction return window
98,2,17,Options and features
98,2,10,Spare tires and jacking tools included
98,2,14,Mileage on the vehicle
98,2,2,Brand reputation
98,2,22,Cargo space
98,3,3,Maintenance records available
98,3,15,Purchase price
98,3,19,Insurance cost
98,3,20,Vehicle age
98,3,4,Number of previous owners
98,4,7,Vehicle fuel efficiency
98,4,11,Pre-approved loan for the vehicle
98,4,6,Where was the vehicle bought/used?
98,4,8,Vehicle warranty
98,4,12,Pre-purchase independent inspection
98,5,18,Resale value
98,5,13,Test-driving the vehicle
98,5,17,Options and features
98,5,10,Spare tires and jacking tools included
98,5,20,Vehicle age
98,6,5,Vehicle history report available
98,6,9,Customer satisfaction return window
98,6,2,Brand reputation
98,6,16,Vehicle seating capacity
98,6,14,Mileage on the vehicle
99,1,9,Customer satisfaction return window
99,1,8,Vehicle warranty
99,1,15,Purchase price
99,1,12,Pre-purchase independent inspection
99,1,1,Certified Pre-Owned (CPO) vehicle
99,2,21,Interior/exterior condition
99,2,17,Options and features
99,2,20,Vehicle age
99,2,2,Brand reputation
99,2,13,Test-driving the vehicle
99,3,6,Where was the vehicle bought/used?
99,3,22,Cargo space
99,3,3,Maintenance records available
99,3,5,Vehicle history report available
99,3,14,Mileage on the vehicle
99,4,11,Pre-approved loan for the vehicle
99,4,4,Number of previous owners
99,4,7,Vehicle fuel efficiency
99,4,16,Vehicle seating capacity
99,4,10,Spare tires and jacking tools included
99,5,19,Insurance cost
99,5,18,Resale value
99,5,3,Maintenance records available
99,5,21,Interior/exterior condition
99,5,10,Spare tires and jacking tools included
99,6,2,Brand reputation
99,6,13,Test-driving the vehicle
99,6,1,Certified Pre-Owned (CPO) vehicle
99,6,11,Pre-approved loan for the vehicle
99,6,4,Number of previous owners
100,1,5,Vehicle history report available
100,1,2,Brand reputation
100,1,11,Pre-approved loan for the vehicle
100,1,4,Number of previous owners
100,1,10,Spare tires and jacking tools included
100,2,14,Mileage on the vehicle
100,2,6,Where was the vehicle bought/used?
100,2,3,Maintenance records available
100,2,8,Vehicle warranty
100,2,13,Test-driving the vehicle
100,3,12,Pre-purchase independent inspection
100,3,9,Customer satisfaction return window
100,3,19,Insurance cost
100,3,16,Vehicle seating capacity
100,3,17,Options and features
100,4,21,Interior/exterior condition
100,4,18,Resale value
100,4,7,Vehicle fuel efficiency
100,4,1,Certified Pre-Owned (CPO) vehicle
100,4,22,Cargo space
100,5,15,Purchase price
100,5,20,Vehicle age
100,5,19,Insurance cost
100,5,4,Number of previous owners
100,5,7,Vehicle fuel efficiency
100,6,11,Pre-approved loan for the vehicle
100,6,13,Test-driving the vehicle
100,6,16,Vehicle seating capacity
100,6,21,Interior/exterior condition
100,6,15,Purchase price
